2014-01-14,9.4,797102.69,0.53,0.0,9.04,9.43,92.30769230769248,50.81444199505274,37.8702798773509,76.70276623045642,0.17999999999999972,0.1400000000000002,0.0674536878161507,0.14900000000000002,0.05425249610233643,0.14466666666666678,0.04611579628138182,0.198666666666667,0.09978367406141403,0.24850000000000036,0.13935474790157656,0.22077777777777696,0.12469493360564689,0.1930000000000007,0.12138278919436991,0.026390890739560798,1.006423982869379,0.9991173646911079,0.0045703981441595105,0.9991751424662676,0.004451533058415659,1.0000312996304184,0.00475262501676932,0.9987081284521998,0.006458678870699217,0.9993651046516082,0.009995074365374453,0.9991403406673702,0.008880464365006627,0.9992784626063822,0.007907243220333267,9.337999999999997,0.09093954035515298,9.292000000000002,0.11583513188052631,9.27066666666667,0.10977032299091527,9.587666666666669,0.4055875545031145,,,,,,,-0.027368718301561033,0.27796468342582764,-0.008531721840143891,0.292001095423169,-0.04278373203802425,0.2830432430885838,-0.021328986103374796,0.31564185015027163,,,,,,,9.040000000000001,0.0,9.025000000000004,0.01581138830088456,9.023333333333323,0.017593288763816384,9.172333333333333,0.24791104262914995,,,,,,,9.462,0.01788854381998542,9.471999999999998,0.02394437999472531,9.491333333333332,0.0341983012667129,9.778000000000004,0.37060435265508795,,,,,,,71.01967799642216,22.88929562758864,60.10850120556897,25.11278136788416,53.78755508630949,23.884981515792724,65.6905231783942,22.092194336049474,,,,,,,59.029822047962476,5.756561147929477,54.07624064390986,7.385704844443437,51.67718107688723,7.276933617292461,61.70876629722129,13.714652371649565,,,,,,,47.065289475891795,6.566472392789439,48.82346644477638,4.862176462611924,48.91546992540378,4.033895822993212,57.23247152000381,11.82378968472303,,,,,,,82.95888719210384,13.275898487903385,64.58178904217682,23.485992639061692,57.20060337985418,22.45674875593691,70.66135585165625,22.91006160073647,,,,,,,855211.6980000004,167709.6943116218,882434.5560000002,181464.57369671614,856146.9786666668,157700.98991692773,1021820.8666666667,448738.2940952841,,,,,,,-0.005011834127627067,0.007705450904529935,-0.0006046596734866797,0.012781231149348697,0.0010797032222821044,0.012629263084333205,0.003859931896210182,0.011532805894567502,,,,,,,0.5739999999999997,0.11458621208505193,0.5920000000000003,0.12345039489608972,0.5740000000000002,0.10742439201596775,0.6849999999999999,0.3013618514630567,,,,,,,-0.08983827389135435,-0.09921538986392413,0.007212563610113908,-0.09938710442642247,0.005921578510063569,-0.09428932739549947,0.010760500370865735,-0.05769333352233108,0.040575589494511614,,,,,,,0.3169999999999984,0.001323171178218563,10.031585220334058,0.008871766023837248,0.10850000000000015,0.11100000000000021,0.03425201019788036,,,,,,,,,,,,,,,0.997737608496693,0.004968996304456697,0.9978846400737283,0.0050633188667746605,0.9981861939937832,0.005066124364327051,0.9987936877045199,0.0055262988936880236,0.9989464852287145,0.00846078288354333,0.9989644213279811,0.008912788298563205,0.999105116263174,0.00804488837740199,,,,,,,,,,,,,,,,,,,,,,,,,,,,,0.18953333333333344,0.06312003450891382,0.18643333333333342,0.06435324874110962,0.1846000000000001,0.0629690923591668,0.19048888888888932,0.0796409576176435,0.22521666666666712,0.11422107096826996,0.2299185185185178,0.12150460240015128,0.2062527777777786,0.11598858486406696,,,,,,,,,,,,,,,,,,,,,,,,,,,,,600000,0
2014-01-16,9.18,672047.44,0.45,0.004338394793926347,9.04,9.38,41.17647058823526,31.71855215074888,32.41295937609834,30.32973770004996,0.08999999999999986,0.1320000000000004,0.05495452665612477,0.13500000000000015,0.04377975178855379,0.1606666666666668,0.09184355227906471,0.19900000000000037,0.09959746569272182,0.24833333333333368,0.139371065093551,0.2191111111111103,0.12530990298164285,0.1902500000000007,0.12277917938623026,0.017219766509340474,0.9962018448182312,0.9999847960979634,0.004151414418347104,0.9992867563269929,0.003752357501835,1.0003176253351858,0.005019329768862329,0.998654125230113,0.0066718444734596176,0.9992900548334117,0.010041325852168048,0.999041502395396,0.008845973403228333,0.9992744712951799,0.007870253542923642,9.321999999999997,0.10848963084095462,9.257000000000003,0.10770845422302003,9.257333333333337,0.11054841645613267,9.51266666666667,0.36122333652544564,,,,,,,0.05252630416773498,0.18383910713680282,-0.0017567075695549272,0.2569397188785444,-0.021587446494998164,0.280003140428632,-0.012468097033578937,0.28508718135912947,,,,,,,9.040000000000001,0.0,9.031000000000004,0.014491376746237189,9.02399999999999,0.015491933384933076,9.125333333333334,0.19422229236258076,,,,,,,9.43,0.04062019202316835,9.449999999999998,0.03431876713659799,9.472666666666665,0.04542917040641083,9.699333333333337,0.3131699255976706,,,,,,,70.7407602277644,22.414475256450928,54.47048122611678,24.161170550983545,52.74620710503662,24.028037002498387,64.11399812392798,22.454952548433045,,,,,,,48.666480169014065,14.166868161034156,50.31753086233455,11.09958627577568,50.18681663194389,9.406038540161033,58.70598008100038,14.450909107150123,,,,,,,39.09174813633234,6.756681935831878,45.40822657452357,8.120373636744496,47.00195836418579,6.949591984515522,54.19332634674276,11.80727347560184,,,,,,,67.8159442343775,29.523494886143606,60.1361394379565,26.07968887718641,56.556533167460174,23.015865200900862,67.73128754951563,24.203763976201262,,,,,,,767673.9880000001,111144.03870441334,850187.856,173694.72959048813,845483.7706666667,161808.90318047168,916005.6503333334,250280.39350826718,,,,,,,0.0025331575789271587,0.011195691598320467,0.0027565738568723504,0.01054459636179712,0.001862718066963603,0.013244871136358692,0.005060901515554526,0.011141453279733069,,,,,,,0.5139999999999997,0.07635443667528785,0.5700000000000004,0.11850925889754332,0.5666666666666668,0.11004328152833379,0.614,0.16851481056367262,,,,,,,-0.09250417709363035,-0.09337020522387007,0.003807518259351603,-0.09880603913533151,0.006567779430831975,-0.09683276837320468,0.00632748433459017,-0.06381467169923584,0.038143448338269784,,,,,,,0.2556666666666665,0.0016635001050727682,10.039499911986312,0.0031981834485909225,0.11633333333333329,0.10000000000000031,0.07411375066273315,,,,,,,,,,,,,,,0.9977295148780052,0.0049963138844458105,0.9979954497333465,0.005020408022142538,0.9984712835935866,0.005087596007535686,0.9988478177006765,0.005614169606034782,0.9990053854541817,0.008732456968442133,0.9989821054183836,0.008920848185553214,0.9991388768008925,0.008029735176918565,,,,,,,,,,,,,,,,,,,,,,,,,,,,,0.18420000000000014,0.06114745206312852,0.18363333333333337,0.061855004747352525,0.1832222222222223,0.06387006695688442,0.19071111111111158,0.08168329185119384,0.228605555555556,0.1178304745415475,0.22913333333333258,0.12168180272682642,0.20473888888888966,0.11655364829543095,,,,,,,,,,,,,,,,,,,,,,,,,,,,,600000,0
2014-01-17,9.12,660474.94,0.44,0.005452562704471179,9.04,9.38,23.52941176470579,28.56591267158675,32.64442845121483,20.408881112330604,0.09999999999999964,0.1400000000000002,0.04999999999998742,0.14100000000000018,0.040947120370880365,0.18333333333333346,0.11273652384885292,0.20400000000000038,0.0976835142975331,0.2515000000000004,0.13786292627344762,0.22033333333333252,0.12457072356111468,0.19008333333333402,0.12292988938041488,0.36265877097471705,0.9999999999999998,0.9995584433068239,0.004709066232022335,0.9990703658831102,0.004003981670883319,1.0003976755074768,0.0049582040003916,0.9990095633547837,0.0068191066793476226,0.999166663597643,0.010125057136406872,0.9991886359139716,0.008908118958163002,0.9992922414112375,0.00786566364345681,9.263999999999996,0.12581732790044198,9.255000000000004,0.11027742793116117,9.259333333333336,0.10753515482769196,9.47166666666667,0.33148655075784594,,,,,,,0.06627754787314358,0.20746170698967842,0.06723705474346868,0.25240944564166945,0.007060440329368477,0.29651445940905713,0.0012075682774768657,0.29307176618249314,,,,,,,9.040000000000001,0.0,9.034000000000004,0.012649110640728892,9.02599999999999,0.015491933384932339,9.104666666666667,0.16635511109823742,,,,,,,9.412,0.038340579025345586,9.440999999999997,0.03984692933935983,9.462666666666665,0.048324301290793306,9.664000000000005,0.28527784399749995,,,,,,,58.237340255124174,28.383986007978564,53.997335446065605,24.770113775929296,53.289193530375975,23.20123449750008,61.94959390070023,23.145930218589648,,,,,,,41.30838681609729,12.821593126325006,48.93321407440715,12.910948486261725,49.33368647424632,10.748135235572896,56.903307400024524,14.731903258443994,,,,,,,35.9001707921051,4.549648865092867,43.77179181191991,8.923350208497455,45.94033894159974,7.850996248782847,52.689108435323554,11.572126549970926,,,,,,,52.12481886408163,29.744353449159036,59.2560585993816,27.356526486665334,56.120381539539565,23.66966360693435,65.33170532942646,25.22119295010333,,,,,,,713009.0260000002,67757.9628121872,827883.381,183009.96180438387,834503.0,168725.75475354848,887832.9983333334,228213.996235368,,,,,,,0.006425394257752445,0.006334804804391305,0.0017932094376643087,0.009699166097203593,0.0010023201594287084,0.012494694363146297,0.005082397195447152,0.011141569994001968,,,,,,,0.4759999999999997,0.045055521304281525,0.5550000000000004,0.12501111061732992,0.5593333333333333,0.11479588510959597,0.595,0.15381919525074345,,,,,,,-0.09576365963113176,-0.09265650848919797,0.0025311007663782917,-0.0983913436303494,0.006620991887437366,-0.09741788299811892,0.005729535554695092,-0.06704734174122902,0.03651685692185598,,,,,,,0.216666666666665,0.0013881121526930773,15.594920583927234,0.005423074098323737,0.11150000000000018,0.11900000000000027,0.06602948646599181,9.548733333333335,0.1162878644734781,,,,,,,,,,,,,0.9978302391411685,0.005031600486787506,0.9980815500183566,0.005024124061833941,0.9986172087660408,0.005093993674721497,0.9988945653373646,0.0056665366273945805,0.9990339959472877,0.008867490990770487,0.9990001659327447,0.008924373304951763,0.9991555094979667,0.008020029024116705,60.034051363148244,5.804783961300267,,,,,,,,,,,,,0.004306508983716994,0.010917330829926646,,,,,,,,,,,,,0.1829333333333335,0.061580335028240514,0.18320000000000006,0.06128772519355643,0.18366666666666676,0.0656200302621028,0.19125555555555604,0.08281009645211199,0.23046111111111153,0.11968451473922997,0.22880370370370295,0.12177283939169661,0.20400277777777856,0.11687978214257985,0.6629999999999998,0.16732678728369207,,,,,,,,,,,,,-0.006695084716943218,0.3171004115226265,,,,,,,,,,,,,600000,0
2014-01-21,9.16,475960.31,0.32,-0.006593406593406648,9.07,9.38,29.032258064516036,37.38515193902999,35.2569961790499,41.641463458990174,0.16999999999999993,0.15799999999999984,0.04324349662086578,0.14700000000000008,0.03560586718194748,0.19066666666666673,0.10872420328956917,0.21400000000000036,0.0941971520178556,0.25550000000000034,0.1351762816423213,0.2224444444444436,0.1232455401669226,0.1896666666666673,0.12332190120382681,-0.9200608344842871,0.9983651226158038,0.9992329202414215,0.0048671803858641146,1.0004882671000763,0.005015592231188681,1.0002987606380995,0.005169587582693165,0.9982754368186703,0.007384596540297447,0.9993226139844912,0.010249933925018346,0.9991488076716035,0.008911284501524393,0.999305984922447,0.007868409572426653,9.151999999999997,0.06058052492351418,9.245000000000003,0.12213380640374723,9.245333333333337,0.11975371552047419,9.401666666666669,0.2834891390406754,,,,,,,-0.1073671246630967,0.4888086127233504,-0.0673679214823289,0.37724030993654006,-0.04147685611446152,0.354126556596414,-0.050167084099485976,0.32978043187891526,,,,,,,9.046000000000001,0.013416407864914874,9.043000000000005,0.009486832980581717,9.03199999999999,0.017808505191227196,9.066333333333331,0.08511587774134421,,,,,,,9.384000000000002,0.008944271909902527,9.422999999999996,0.043217794688943906,9.442666666666664,0.04727830469933911,9.603000000000005,0.23557925674153937,,,,,,,31.067889521400012,16.802430317462626,51.043783758911104,28.314365379282535,50.428297310845984,26.208427180523692,57.85097082864263,25.085588654145965,,,,,,,32.979544325217105,3.9996647575401814,46.0046831865898,14.503193829370682,47.04400853767893,12.06676560111373,53.79541136355126,14.369780354303773,,,,,,,33.574775377780846,1.1434350426892654,40.320032426836335,8.384436243598953,43.74056942244456,8.422215006239155,49.9720966295201,10.640906173107446,,,,,,,31.789082220089618,10.67754999425091,57.37398470609672,29.26300389067001,53.65088676814776,25.36153679918337,61.44204083161357,25.66289158505427,,,,,,,601099.4080000002,147721.7785329449,728155.5530000001,200340.18332680105,788656.1733333335,215055.3036250034,828039.7930000001,208809.96275245387,,,,,,,0.004706731564513479,0.008403392740728622,-0.00015255128155679514,0.009165698315939434,0.0011658040725133726,0.011485217585271665,0.004259182580372236,0.011225484432169619,,,,,,,0.4019999999999996,0.09909591313470306,0.48800000000000043,0.1357121135999964,0.5286666666666667,0.14559565665944701,0.5546666666666666,0.14043610237604448,,,,,,,-0.10038108490731901,-0.09582743189617453,0.004353478802905702,-0.09752141088004933,0.00589341491315381,-0.09820054691633982,0.005565419384460683,-0.0735321375633737,0.032882031464748725,,,,,,,0.2496666666666716,0.002212830281406064,20.815867038334154,0.004859282846070274,0.10850000000000026,0.15266666666666706,0.06589026854863517,9.474533333333335,0.11638129342355713,,,,,,,,,,,,,0.9980316716507578,0.005095506126813024,0.9984104867423312,0.005046520469871173,0.9989295677017421,0.0050961949181236865,0.998951561305841,0.005794496665223547,0.9991189682537779,0.009133561923428866,0.9990257149513134,0.008924843141010465,0.9991909350131066,0.00800070112919815,57.0014849495745,6.036421710221983,,,,,,,,,,,,,0.0047206752847553995,0.010580909120252814,,,,,,,,,,,,,0.18333333333333346,0.06082343134123935,0.18213333333333337,0.05942429385007871,0.18455555555555564,0.06884399872059838,0.193055555555556,0.08469108501967679,0.23430555555555602,0.12323499536730265,0.2281814814814807,0.12190038376703524,0.2025083333333341,0.11754961978504061,0.5989999999999998,0.13491287845766392,,,,,,,,,,,,,-0.01436110626316371,0.310370857961667,,,,,,,,,,,,,600000,0
2014-01-22,9.34,913872.75,0.61,-0.01742919389978215,9.07,9.38,87.09677419354811,40.16944989720131,34.547610925723205,51.41312784015753,0.21000000000000085,0.15799999999999984,0.04324349662086578,0.176,0.10564090116995686,0.19800000000000004,0.11091824531093301,0.21300000000000033,0.09483742895625978,0.2548333333333337,0.13570271179567733,0.22199999999999917,0.12350863136830655,0.1894166666666673,0.12339249281424286,0.31001984685504624,1.0070080862533692,0.9992339858866476,0.004866943463360434,1.001604135790877,0.005687092050375391,0.9996251128336876,0.0060268501464043715,0.9983299327314767,0.007391310593306501,0.9992742189756902,0.01026137985162191,0.9992191378167695,0.00892998819490742,0.9993472943934504,0.007876436987595502,9.173999999999996,0.10188228501564066,9.259000000000004,0.1244052517648189,9.239333333333336,0.1118332091405456,9.375000000000002,0.2469084711050809,,,,,,,-0.07216988075749993,0.5161101555213353,0.003547411315583121,0.3745894878748422,-0.04406949126671724,0.3511945279315798,-0.02578836945890249,0.32842536138774453,,,,,,,9.052000000000001,0.016431676725086716,9.046000000000006,0.012649110640731629,9.03599999999999,0.01919821420274537,9.057333333333332,0.0676672045729241,,,,,,,9.380000000000003,0.0,9.413999999999996,0.04168666186894299,9.432666666666664,0.043171860323769705,9.575333333333338,0.20908228595184714,,,,,,,37.93168880455405,29.839757978224608,56.03253094570778,29.953443206447318,50.8501335391338,26.776427453737934,57.68906253547737,24.87266080119238,,,,,,,33.61676259315614,4.940223952748222,44.324982995816036,14.058446769987594,45.915912279956586,11.849431225893904,52.443558208520805,13.6380091445037,,,,,,,33.773185728635426,1.2225977661850365,38.425148840251836,7.12184477127405,42.639423050699754,8.475806180387034,48.697658384843045,10.090267707316583,,,,,,,33.30391632219755,13.081192224694604,56.12465130694441,29.219781709021635,52.468890738470336,24.998498299290574,59.93535785587631,24.840437444593224,,,,,,,628660.6700000002,194102.0870415504,740939.3470000001,208361.949095816,778089.6566666667,203714.36120225312,828676.7053333335,209049.51060347442,,,,,,,-0.002186987939617608,0.009782070222129218,-0.0012390155293030766,0.010549643592219743,0.0015963297633060272,0.010563041439753697,0.0037440856032121763,0.011858182680541783,,,,,,,0.4199999999999996,0.12942179105545015,0.49600000000000044,0.14072826455422874,0.5213333333333334,0.13783357805010935,0.5549999999999999,0.1405592279138025,,,,,,,-0.09475567574427579,-0.09666083678470087,0.0033927176179208676,-0.09627408970527931,0.004835598797656871,-0.0982323326398222,0.00554273713676381,-0.0764760966008075,0.03053786414473723,,,,,,,0.20100000000000584,0.0032742030594001825,18.826795615364667,0.005931073542829785,0.09683333333333385,0.13500000000000034,0.07571729207308305,9.438866666666668,0.11553080234962751,,,,,,,,,,,,,0.99815034765332,0.00507691996156108,0.9986476033857798,0.00507356819335264,0.9990540445189287,0.00512088489022748,0.9989705928297432,0.0058665785818174205,0.9991599602238693,0.009263805118822584,0.9990407148233637,0.008925809633478728,0.999207374822349,0.007991001158811394,55.41389379057925,6.166743923516815,,,,,,,,,,,,,0.004590401400913106,0.010539191406630991,,,,,,,,,,,,,0.18346666666666675,0.059697998120844684,0.18250000000000005,0.06051514134971852,0.18540000000000006,0.07041260803603294,0.19410000000000044,0.08559311003182976,0.23622222222222267,0.12498385975305276,0.22789999999999924,0.12194743978276142,0.2017583333333341,0.11788619783427429,0.577533333333333,0.12242978231560689,,,,,,,,,,,,,-0.02003393724581407,0.3160713710851181,,,,,,,,,,,,,600000,0
2014-01-24,9.23,707572.06,0.47,-0.006543075245365376,9.07,9.68,26.22950819672136,24.50595664197217,35.389216647500994,2.7394366309145113,0.17999999999999972,0.14200000000000018,0.035637059362393114,0.20500000000000007,0.13074572438303653,0.22466666666666685,0.12420413304985409,0.22600000000000034,0.1033107131340938,0.2568333333333337,0.13467464455867612,0.21988888888888808,0.12505724032738946,0.189833333333334,0.1238729583239271,0.012699144734460056,1.0,0.9985822884593908,0.003647033320434769,1.0008172916078064,0.0052724595512181486,0.9992165148623152,0.007587667381369357,0.9981679181194358,0.007307676942741558,0.9989348882962844,0.010315335825843682,0.9991897153075628,0.008875702966170353,0.9994058430405658,0.007881987712507773,9.203999999999995,0.09914635646360286,9.234000000000005,0.1113752416134114,9.238,0.10604581220265442,9.32966666666667,0.2024246702515206,,,,,,,-0.1700344339875888,0.45558343162465453,-0.05187844305722265,0.35621386741975325,-0.011853441500217166,0.3371391197379983,-0.036148574327112146,0.32319326980601704,,,,,,,9.064000000000002,0.013416407864914874,9.052000000000007,0.015491933384878075,9.04399999999999,0.01919821420274339,9.043333333333331,0.030095633012749434,,,,,,,9.500000000000002,0.16431676725154962,9.455999999999998,0.12167351578894506,9.460666666666665,0.09779473157494126,9.550666666666672,0.1669179714572446,,,,,,,35.15444676019537,30.08347711790324,46.69589350765977,30.138043435468525,47.716372550775525,27.157745615762156,53.94605973659693,25.18615089041458,,,,,,,31.36646265010059,7.225304993902865,36.33742473309894,11.12303800683697,43.07763026630494,13.983892004642499,48.930605867144976,13.590752261835078,,,,,,,34.37428441305243,1.1032426032938325,35.13722760257876,3.222949292080353,40.63928934563077,8.51838909359179,46.36701455831108,9.091989318899577,,,,,,,25.350819124196896,20.95105766742827,38.73781899413925,28.06106668826244,47.95431210765337,29.668510669894413,54.05778848481274,26.594938187836824,,,,,,,629781.4180000003,196234.70208267405,671395.2220000001,145187.19186593342,761849.3933333334,204639.1727088583,800942.326,194493.42452718577,,,,,,,-0.0035203895474464537,0.010397301940961,0.0014525023551529947,0.009662246673375445,2.2009775960720827e-05,0.009903803038244965,0.0031538372682028766,0.011759272348903109,,,,,,,0.4199999999999995,0.13057564857200823,0.4480000000000004,0.09670114327716958,0.5100000000000001,0.1387701079380686,0.5363333333333332,0.13116147808458653,,,,,,,-0.09154677352476881,-0.09599111738843398,0.003958654707254228,-0.09432381293881598,0.0035917917843708924,-0.09759126821637759,0.005833555706721606,-0.08166975993647281,0.025640788109887774,,,,,,,0.1256666666666746,0.0026493734883705766,17.564143217044386,0.00667422681564933,0.11483333333333351,0.11633333333333373,0.15818099248737164,9.378200000000003,0.11234357543196499,9.463466666666667,0.1618321628809111,,,,,,,,,,,0.9983328608955387,0.00499689237307578,0.9990106935784798,0.005086929654893269,0.9992479757333843,0.005184234479786403,0.9989793164082932,0.0059903980862482786,0.9992157604085268,0.009525200376466553,0.9990743138935997,0.008921375773155235,0.9992376210399808,0.007971764850956157,52.21716882104366,6.492751720713033,56.12561009209595,8.752685519414694,,,,,,,,,,,0.003887078702342102,0.010744765528909343,0.004096793843029545,0.011155474456171937,,,,,,,,,,,0.18346666666666672,0.057141229236182776,0.18403333333333335,0.06363397958378907,0.18744444444444452,0.07329329311755615,0.19662222222222261,0.0877290496059523,0.2398444444444449,0.128230191778495,0.2271370370370363,0.12215427316150312,0.20031111111111186,0.11853323579581422,0.5511333333333329,0.11835181034782646,0.6070666666666668,0.1662605949080849,,,,,,,,,,,-0.03294077006221836,0.3279208382684606,-0.0198179273895808,0.3186872212759551,,,,,,,,,,,600000,0
2014-01-27,9.12,698586.5,0.47,0.007616974972796549,9.07,9.84,6.4935064935063584,23.93143945705577,39.01696998267727,-6.239621594187227,0.09999999999999964,0.1280000000000001,0.030331501776185005,0.1990000000000002,0.13337082806138034,0.22666666666666682,0.12367391841143097,0.23033333333333364,0.1040385649098684,0.25666666666666704,0.13477748978005388,0.22055555555555478,0.12500212232905034,0.18950000000000067,0.12395343392384262,0.1792910541500588,0.9967213114754099,0.9997877679114456,0.004983905187184425,1.0010262780236894,0.005277880357137108,0.998966291448553,0.00762179594142249,0.998599843002065,0.007786920626463114,0.9990461706109566,0.010362926831091732,0.9992702306054694,0.00891591240606783,0.9994236303048845,0.00788574734487134,9.213999999999995,0.08354639429686785,9.207000000000004,0.10165846961491103,9.233333333333333,0.10978333640579235,9.306000000000004,0.18242806801586198,,,,,,,-0.10803883242911372,0.48256809158751973,-0.013057806023720465,0.3583454590816115,-0.02554956893584644,0.32378571905116244,-0.022808279623878304,0.3235630550652932,,,,,,,9.070000000000002,0.0,9.055000000000007,0.015811388300889725,9.047999999999991,0.01780850519122292,9.040666666666665,0.023034207445557727,,,,,,,9.592,0.20425474290699136,9.492999999999999,0.1721788475845803,9.485333333333331,0.13850562993544566,9.546333333333337,0.15705222793341633,,,,,,,34.68844217654364,30.60681651697279,39.20570927328947,29.862399401037862,45.54057733150205,29.130493526175574,51.398282310770725,26.005999583557504,,,,,,,30.103801280068996,7.9823223855910985,32.88460180824533,8.555652461000467,41.53138283814808,14.764872117678296,47.25878791066099,13.473939306058446,,,,,,,35.37689166736971,2.3054197064092916,34.737161892405375,2.232034410128873,39.82650903873937,8.003981941346128,45.512484122033115,8.499507741280725,,,,,,,19.55762050546755,25.392172700470784,29.179481639925193,25.02266251738143,44.941130436965615,32.77951132580933,50.75139548791671,27.734249472182803,,,,,,,685309.1360000002,157906.85634251795,675318.51,145355.62889780043,730243.3600000001,170402.76348047334,791520.3343333334,192291.72034127385,,,,,,,-0.002656335212227789,0.011250008163841543,0.0016845388354835087,0.009791812030000551,-0.0003294829773745109,0.009499833947698945,0.003373861095209375,0.011779631963762116,,,,,,,0.45799999999999946,0.10473776778221201,0.45100000000000035,0.09689054534771877,0.48866666666666686,0.1152554099546303,0.5299999999999998,0.12956159499076825,,,,,,,-0.09325135103621562,-0.0946614702862476,0.003393897824899668,-0.0941901699896146,0.0036057146812929577,-0.09695964564780889,0.005750239765678977,-0.08404443928989493,0.023097872314677685,,,,,,,0.0990000000000002,0.002426435021624429,17.154986630591996,0.006030196307437164,0.12866666666666693,0.07899999999999946,0.09498102640539326,9.352733333333337,0.11048925032913857,9.432233333333333,0.15843080771715293,,,,,,,,,,,0.9984760260435285,0.004995855704091942,0.9992016964228181,0.005078390856153767,0.9993241553833321,0.005237720742192234,0.9989916970948713,0.006070532166790534,0.9992368283387789,0.009649318233493314,0.9990908686512638,0.008918974884254487,0.9992514160983009,0.007962349515374268,50.624684023216,6.6695669740422865,54.60441997976225,8.931873069591854,,,,,,,,,,,0.0036007628993880913,0.010855711610854897,0.004120794023655537,0.011082012096149865,,,,,,,,,,,0.18280000000000005,0.05589888679123516,0.18473333333333336,0.06586970764975458,0.18857777777777784,0.07493258619530455,0.19815555555555595,0.08901788926909754,0.24148888888888934,0.12974902478979927,0.22673703703703627,0.12229191504564133,0.1995777777777785,0.1188679592421876,0.5433333333333329,0.11825760479136016,0.5842000000000002,0.14668078963362716,,,,,,,,,,,-0.03491168520407803,0.33417986422502255,-0.021752585934009763,0.31794403251501885,,,,,,,,,,,600000,0
2014-01-28,9.19,573336.19,0.38,-0.00767543859649126,9.07,9.84,15.584415584415492,29.744083778238913,44.045480157884434,1.141291018947868,0.16999999999999993,0.1360000000000003,0.026076809620786182,0.2070000000000002,0.129103748116692,0.23600000000000018,0.11861100888438057,0.23900000000000035,0.1036356349311634,0.2593333333333337,0.13319880218663718,0.22144444444444364,0.1244182969230763,0.19191666666666735,0.1250162734505024,-0.23911286674577453,0.9983704508419339,1.0017436139587255,0.0053825819054783884,1.0008316808364408,0.00548601254792382,0.998598145344325,0.007867386898298627,0.9981198140191829,0.008331545856395254,0.9988985909505389,0.01045920036588856,0.9993407436408824,0.00892062099832097,0.9995590654925116,0.007977969967407699,9.219999999999994,0.07968688725259405,9.186000000000003,0.0757481206220928,9.236666666666668,0.1074820029232213,9.28766666666667,0.16401604911659093,,,,,,,0.02815076111858881,0.2216700790423654,-0.039608181772253996,0.3648742064324734,-0.03552836061535636,0.32817193749463913,-0.04237446379292708,0.318075935265469,,,,,,,9.070000000000002,0.0,9.058000000000007,0.015491933384878842,9.05199999999999,0.015212776585209507,9.040999999999999,0.02339319087494593,,,,,,,9.684,0.18782971010998836,9.533999999999997,0.20178095934838491,9.509999999999998,0.1658312395177848,9.542000000000002,0.14639106812775618,,,,,,,31.99887368052353,31.79587783449381,31.533381600961768,23.980002956441105,44.695480399448584,29.842766097451396,49.42692033940875,26.415085064502794,,,,,,,28.575587647910783,6.89753628850249,30.777565986563946,5.8001952662021665,40.19498467369677,14.87079019179362,45.87895644395774,13.057228320033067,,,,,,,37.134588463136616,4.4983997557831525,35.354681920458724,3.61866840526527,39.25821777226978,7.306820944343013,44.930382859157156,7.9462007110409445,,,,,,,11.45758601745909,22.926305941143834,21.62333411877434,19.97756145874276,42.06851847655085,34.67923574076431,47.77610361355888,28.1192321267482,,,,,,,704784.3120000002,128989.24219396379,652941.8600000001,141702.4237668348,720365.1393333335,175173.24409582338,770697.5073333334,180197.29528044618,,,,,,,-0.002872741612844711,0.011354596468130132,0.0009169949758343829,0.010229567798797462,-0.001059281391986101,0.009623121186498098,0.002745762718981157,0.011851877398543058,,,,,,,0.4699999999999995,0.08689073598491706,0.4360000000000003,0.09489175119284614,0.48200000000000015,0.11863509478348339,0.5159999999999998,0.12184218169985077,,,,,,,-0.09217386637160274,-0.09302002657910435,0.0012325445618127807,-0.09442372923763945,0.0033597550617170463,-0.09602094944640101,0.005252273343519633,-0.08619258419098792,0.020534345525440117,,,,,,,0.10166666666666657,0.003623799939542538,17.303368796046957,0.005618504331825868,0.1233333333333334,0.07999999999999952,0.07052522491151589,9.329933333333337,0.10816440460755329,9.402233333333331,0.1533218376045398,,,,,,,,,,,0.9987893018338988,0.005014805558576616,0.9993785157272372,0.005065132569833183,0.9994034223912107,0.0053053126161521314,0.9989939850648072,0.006170234198162271,0.999263931554792,0.00976668410768073,0.9991150228079355,0.008914529024781827,0.9992694398993532,0.007955883442404109,49.0413930392973,6.778576827402224,53.0214389944359,9.002814138167567,,,,,,,,,,,0.0032980789271098757,0.010963847852962614,0.004009377105932636,0.011114039395492999,,,,,,,,,,,0.1809333333333334,0.0540254467878317,0.18516666666666667,0.06820929471184096,0.1897333333333334,0.07662949192988303,0.19995555555555594,0.09032684564165816,0.2430666666666671,0.1311969678632289,0.22629999999999925,0.12244570092889764,0.19889722222222295,0.11925830792044048,0.5355999999999994,0.11727811149652437,0.5673,0.1367826908160098,,,,,,,,,,,-0.03335316114276625,0.330509450546653,-0.023857133702964994,0.3183297885036693,,,,,,,,,,,600000,0
2014-01-29,9.29,710428.25,0.48,-0.005411255411255296,9.07,9.84,28.57142857142844,34.463973176180055,48.812612284432944,5.7666949596742825,0.11000000000000121,0.19400000000000012,0.14976648490232622,0.21800000000000014,0.13028174597131317,0.24266666666666684,0.11744096794722071,0.24366666666666703,0.10357350657560548,0.26000000000000034,0.13284373386471318,0.22088888888888808,0.12476174547345571,0.19183333333333402,0.12503433702057,0.2608834882340335,1.0037817396002162,1.0039742856951004,0.005919511878478559,0.9998206763072102,0.006771057776821698,0.9978496923331002,0.008406169641937295,0.9986788995706661,0.008892799041162552,0.9990203981843987,0.01049543944454197,0.9993133590113753,0.008927413451323486,0.9995556382661077,0.007978573185370822,9.209999999999994,0.06204836823001685,9.192000000000004,0.08175845182270615,9.242666666666668,0.10780052124622914,9.274333333333338,0.14538138507538237,,,,,,,0.01832348939438626,0.2066288703204209,-0.026923195681556884,0.373680397581828,0.008472770675184139,0.32008540099047206,-0.043463561979629875,0.3169399459429715,,,,,,,9.070000000000002,0.0,9.061000000000007,0.014491376746242336,9.053999999999991,0.01549193338492363,9.041333333333332,0.023741907272181156,,,,,,,9.775999999999998,0.08763560920084552,9.577999999999998,0.2167333230800764,9.534666666666665,0.1857750816239511,9.543333333333333,0.14898121458375116,,,,,,,20.293804556099595,9.149274726162876,29.11274668032682,22.789419910612477,44.119622149171725,30.079938296851573,47.54146345395187,25.789714170550234,,,,,,,27.43449230370653,4.5839114508250045,30.525627448431333,5.5500089329136735,38.69481943177951,14.176868885999067,44.696301812140746,12.39226560925673,,,,,,,39.987588734878564,6.5178243358156775,36.880387231756984,5.5020615256841845,38.94596213846077,6.732392843309547,44.61419166422364,7.576030645885504,,,,,,,2.3282994413624407,5.515513760552795,17.81610788177998,18.870541507627276,38.19253401841709,35.307495430212064,44.860522107974916,27.775816889718243,,,,,,,664095.4120000001,60392.14481600682,646378.0410000002,136800.90064232796,715324.702,174233.92778004243,768336.3740000001,180517.87690999074,,,,,,,-0.00046915391513933994,0.008387118453860134,-0.0013280709273784752,0.00863782379678104,-0.0009823949912484984,0.00958050649629844,0.002326316500354613,0.01191233653740992,,,,,,,0.4439999999999995,0.042778499272421666,0.4320000000000004,0.09174844836714324,0.47866666666666685,0.11789018295895384,0.5146666666666665,0.1220156387187895,,,,,,,-0.08763629015855656,-0.09159614946196051,0.002340495352759783,-0.09412849312333069,0.0038308897939103937,-0.09471477629083971,0.004669831484461957,-0.08800465816226109,0.0179379466081581,,,,,,,0.08233333333333448,0.006124593362000219,17.261809508434215,0.003654387427733088,0.06816666666666632,0.08266666666666611,0.06178705137401613,9.309800000000001,0.10694465813637795,9.374333333333333,0.14768723570113515,,,,,,,,,,,0.9991448591182338,0.005060969636045539,0.9995058929517361,0.005107197724801069,0.9994267223056846,0.005392989956206626,0.9990048694829222,0.00629731389238549,0.9992807570509739,0.009877124486849456,0.9991322107372479,0.008911122086548552,0.9992855241410458,0.007950888620296562,47.491941760021284,6.819153950235245,51.45291777530027,9.037187391556813,,,,,,,,,,,0.0030145251065383633,0.011019604407802159,0.003802463253725732,0.01109424077240827,,,,,,,,,,,0.18153333333333338,0.05649443750220608,0.18636666666666668,0.07060329413147179,0.19122222222222227,0.07833238990023504,0.2020000000000004,0.09167168634294377,0.24463333333333379,0.13260769144086162,0.2258592592592585,0.12261039326169117,0.19825000000000073,0.11964065812316872,0.5275333333333327,0.11412391106232031,0.5525333333333333,0.12646857594690167,,,,,,,,,,,-0.03688819964691173,0.3286832561637379,-0.028461068446362914,0.3211540049127119,,,,,,,,,,,600000,0
2014-01-30,9.17,525089.25,0.35,0.010787486515641818,9.07,9.84,12.987012987012946,36.42815471109726,53.595491987183905,2.093480158923967,0.15000000000000036,0.2120000000000001,0.142372750201711,0.24400000000000013,0.13226236552146567,0.24333333333333348,0.11665986374723307,0.24833333333333366,0.10045013631178736,0.2603333333333337,0.13248558177602263,0.22033333333333252,0.12537091037613016,0.19300000000000067,0.12491745173473151,0.02612894855493619,0.9940379403794036,1.0023793633515772,0.006966150117607153,1.000561308953475,0.007606044168453649,0.9977485767372534,0.008338568197787536,0.9982406285445063,0.008956407167221476,0.9988974479446998,0.010481917493595425,0.9992599319708708,0.008914750800592381,0.9994518079620546,0.008004145700831545,9.199999999999994,0.06403124237439033,9.191000000000003,0.08198238293141051,9.234666666666667,0.10848743618286054,9.25633333333334,0.12095833803516645,,,,,,,0.04797795378554287,0.19151697676519014,-0.026032277476997313,0.37380793454762423,0.0001539164045801067,0.3177319309382384,-0.03304301908258007,0.31379775393723763,,,,,,,9.070000000000002,0.0,9.064000000000007,0.012649110640734438,9.05599999999999,0.015491933384923018,9.041666666666664,0.02408080267500591,,,,,,,9.807999999999996,0.07155417528001842,9.623999999999999,0.2188454553636727,9.559333333333333,0.20055162024016898,9.544666666666666,0.15151495506779036,,,,,,,17.973174366616924,9.25798019013676,26.293800920204593,22.87468333574699,41.109454022724535,30.826707285718005,45.04643595892437,25.374185052664657,,,,,,,29.81472155290884,5.6602566547043605,30.99658770446617,5.853983596304934,36.886551859315446,12.398078946361707,43.7479145982037,11.87214333634853,,,,,,,44.17195421193591,7.315482020402891,38.99864049286554,7.356183912941224,39.02967637402117,6.91613473674155,44.58682161491795,7.540797476548544,,,,,,,1.1002562348546803,4.453216447284181,14.992482127667381,18.90254979393493,32.6003028299041,33.80972492815142,42.070100564775174,27.72541962178427,,,,,,,643002.4500000001,87409.91101160276,631682.2220000003,141548.0913821564,677012.8106666667,144266.77099573138,767442.0926666667,181689.63087103268,,,,,,,-0.0002450615529347111,0.008733466861427227,-0.0006831617552069281,0.009321580811804541,0.0003889446895044334,0.00970229438182236,0.0026858993842093404,0.01200216897882494,,,,,,,0.42999999999999955,0.06041522986797776,0.4220000000000003,0.09496198069637318,0.4526666666666668,0.0973555095415541,0.5139999999999998,0.1228848634095044,,,,,,,-0.08736546439642368,-0.09039474909751348,0.0027128515767694985,-0.09361462185361002,0.0043784950191687,-0.0935331496436967,0.004059634752279372,-0.0896798274450461,0.01515133291518091,,,,,,,0.0653333333333368,0.004630786614323812,13.93319304529486,0.0033690611394162685,0.06733333333333302,0.09199999999999947,0.08102097286812293,9.2908,0.10636078181047358,9.3487,0.14270115760642282,,,,,,,,,,,0.9994229513140728,0.005108400643253899,0.9996208596313497,0.005134000188616412,0.9994445504571783,0.0054781345544845485,0.9989940836670588,0.006423456035069132,0.9992972581230486,0.00998475910395406,0.9991479962595012,0.008907213535805479,0.9992977177486723,0.007946793099509984,46.10251332642164,6.851175986797169,49.957111227020604,9.04100945918139,,,,,,,,,,,0.0028571353933914754,0.011156026070074555,0.0035649630405912135,0.011198282097299605,,,,,,,,,,,0.18240000000000003,0.058984339266838236,0.18760000000000002,0.0725025514810799,0.19251111111111113,0.08016290265350383,0.2042000000000004,0.09291241470210211,0.2461333333333338,0.13403647982250638,0.22539259259259184,0.12280253811508968,0.19765555555555628,0.12000359946591757,0.5221999999999994,0.1108044187245862,0.5425333333333333,0.12244378994894514,,,,,,,,,,,-0.03556757976122547,0.3252603141193478,-0.030518560651263026,0.3241541424050823,,,,,,,,,,,600000,0
2014-02-07,9.18,511369.22,0.34,-0.0054764512595836725,9.07,9.84,14.28571428571422,44.24186861912536,59.317937745879455,14.089730365617172,0.10999999999999943,0.26799999999999996,0.16513630733427137,0.2660000000000002,0.13318324886327942,0.24800000000000005,0.11403007122183308,0.2740000000000003,0.1569449716873091,0.259666666666667,0.13314916659510811,0.22099999999999922,0.12515204236394029,0.19300000000000067,0.12491745173473151,-0.7907435257835816,1.006027397260274,1.0030522947562162,0.0060628720211134,0.9995336280637799,0.009127476932783315,0.9982955242097177,0.008346856559023022,1.0000653801253554,0.01281570007949183,0.9989366471333222,0.01046782471063811,0.9992517595381247,0.008919927386790805,0.9995571329495623,0.008015456083964255,9.189999999999994,0.06204836823001936,9.197000000000003,0.07832269431298786,9.219333333333335,0.09764854374359473,9.242000000000006,0.1015194902299621,,,,,,,-0.1127105803180655,0.4242110649540626,-0.14137250715282718,0.4161009791572017,-0.07215582214417028,0.36587958086118116,-0.042223429492841115,0.33190056873388973,,,,,,,9.070000000000002,0.0,9.067000000000007,0.009486832980586711,9.057999999999991,0.015212776585207631,9.041999999999998,0.024410286130375932,,,,,,,9.839999999999996,6.224552099223043e-08,9.669999999999998,0.21002645336031267,9.584,0.2112479923826939,9.546666666666665,0.1550824771295675,,,,,,,15.584415584415495,8.05822964025381,25.369431172305433,23.18349015596704,36.32540086657835,28.860339503207577,42.97633013881855,25.262034513117207,,,,,,,33.76190394833948,7.586375367478874,32.564183299220026,7.0975570242953605,35.478917804845764,9.877178456836672,43.31507414463014,11.597296562866894,,,,,,,48.957698431611604,7.934303815825743,41.665991422332006,9.359316191937433,39.7440512122564,8.375065204614728,44.86645728715603,7.929611729130918,,,,,,,3.3703149817952123,7.409423715032834,14.360567052996037,18.80674203747322,26.948650990024582,28.630582898088875,40.21230785957832,27.668839305939958,,,,,,,603761.8820000001,94895.90611835274,616771.6500000001,145962.5925564242,648850.7753333334,131198.4267094568,760819.896,187385.3385461644,,,,,,,-3.173675577837036e-05,0.008552319833325482,-0.0017760631516124132,0.009161580373640352,0.000957755984842539,0.009024344116445813,0.002024718530257404,0.011882700016393766,,,,,,,0.4039999999999996,0.06655824516917953,0.41200000000000025,0.09807026959164718,0.43333333333333346,0.08796644381862691,0.5093333333333331,0.12681600392133027,,,,,,,-0.08653068830750499,-0.08939153205406072,0.003082605960743319,-0.09269132472124735,0.004825625381072861,-0.09267971931056422,0.004098866287428541,-0.09114887681916042,0.012279378132375207,,,,,,,0.05200000000001204,0.004756770546498479,10.750890845410112,0.003800781681869817,0.08099999999999963,0.1053333333333335,0.09914907765998607,9.273266666666668,0.10576656401177799,9.32573333333333,0.13830010746191862,9.400066666666671,0.18504558400734353,,,,,,,,,0.9996885262614152,0.005089938884505401,0.9997055331523101,0.005211046704486557,0.9994761550503799,0.005563026547976418,0.9990473251010958,0.006676306856349466,0.9992862544069995,0.010009095645426352,0.9991637056733179,0.008903430759559667,0.9993144270493359,0.00794258132413945,44.97940698191867,6.883590235307187,48.598287901481164,9.020947626419304,52.410209055370174,11.06634508670656,,,,,,,,,0.002631311645802381,0.011232918697747315,0.003259195174072239,0.011282312618284763,0.0036082997772871567,0.011362923136577385,,,,,,,,,0.18460000000000004,0.06259738138343278,0.18943333333333331,0.07457217257177358,0.19360000000000002,0.08196840745001448,0.2072222222222226,0.09606255454040086,0.24716666666666712,0.1342434936990155,0.2249518518518511,0.1229836540931498,0.1970361111111118,0.12037677051784161,0.5167999999999995,0.10745725850629431,0.5339666666666666,0.1189881437282375,0.5769777777777776,0.16063354013794032,,,,,,,,,-0.03678255079437125,0.32676741947066607,-0.03486166042829483,0.32691465939418385,-0.025472801857844302,0.3187687780997353,,,,,,,,,600000,0
2014-02-10,9.29,915731.12,0.61,-0.011982570806100157,9.16,9.84,19.11764705882339,54.227253396929086,64.34329412146415,33.99517194785895,0.14000000000000057,0.2700000000000003,0.16278820596099342,0.27600000000000013,0.12357633718115908,0.2546666666666667,0.10815773314051294,0.27933333333333366,0.15386813282434342,0.261666666666667,0.1317569239381742,0.22077777777777705,0.1253689187668115,0.19391666666666735,0.12470668668151298,-1.3193751458397525,1.0065005417118091,1.0022647881359272,0.005831120667113879,0.9985555532171091,0.008874848397546882,0.9979311298799198,0.008100886894479839,0.9996113023263843,0.012838482149993223,0.9988276478846053,0.010426707626682382,0.9992250252798957,0.008902981272607028,0.9994307625070803,0.008032112582286725,9.223999999999995,0.060663003552473525,9.219000000000003,0.06903300337923009,9.212666666666667,0.08811248222480311,9.239666666666672,0.09949816610104378,,,,,,,-0.4124438203160278,0.6405845872859113,-0.2602413263725708,0.5582251932661038,-0.1461864774544896,0.4876177484889743,-0.10001348735306562,0.3946657031885015,,,,,,,9.088000000000001,0.040249223594967826,9.079000000000008,0.028460498941543188,9.065999999999992,0.029712912056207418,9.045333333333332,0.032455097185721496,,,,,,,9.839999999999995,6.224552099223043e-08,9.716,0.1887502759379911,9.608666666666666,0.21846433728796769,9.553333333333333,0.16331339310606235,,,,,,,18.109243697478902,6.279043941760881,26.398842937011274,22.588072063776806,32.17355408135263,26.27751327177823,41.88944710974486,25.572219854346027,,,,,,,39.82106673631414,9.602572472360924,34.96243400819156,9.773948337207798,35.196756784268246,9.211840643754618,43.427988813234,11.689212244287013,,,,,,,54.02296325936898,8.084346632951926,44.69992746336934,11.313101777990676,41.165762348059936,10.508743145427985,45.38358500133134,8.668418008004517,,,,,,,11.417273690204448,13.613977193300304,15.487447097835986,19.680995778677463,23.25874565668495,23.03447368728739,39.51679643703929,27.549920909182497,,,,,,,647190.8060000001,169501.97054352993,666249.9710000001,155739.9866220894,665942.6086666667,148255.38475342467,755479.654,180241.88448743953,,,,,,,-0.003951645911557711,0.008661118613805712,-0.0033039905618927516,0.009489791075063238,-0.0001941894135302322,0.009520146844068125,0.0006907200641350578,0.011081075987184422,,,,,,,0.4319999999999995,0.11388590782006608,0.4450000000000003,0.10405660852525585,0.44466666666666677,0.09912954487269204,0.5056666666666664,0.12201422566392804,,,,,,,-0.08182360036081171,-0.08710598191897993,0.0036832909359593878,-0.09088372610261378,0.005196731979800254,-0.09182877396606971,0.004917627688385934,-0.09211743567691617,0.01010009751175352,,,,,,,0.027000000000004576,0.0043336582560074,8.465554805042444,0.0046423659756927695,0.08541666666666631,0.07366666666666688,0.3124303329629622,9.26,0.10264948996393745,9.306366666666664,0.13282819316016278,9.374822222222226,0.17752944517442365,,,,,,,,,0.9999273668021023,0.005064055231447124,0.9997482200532368,0.005285848385916462,0.9994618097766377,0.005630597006812488,0.9990695602404865,0.006929354411474811,0.9992712501619688,0.01003233776891688,0.999175656028049,0.00890011471278535,0.9993236247663689,0.007939506723019981,44.21324716243327,6.915482698438157,47.418965592824634,9.014222332653363,51.14069570731924,11.063112387784987,,,,,,,,,0.002094683439587518,0.011175751997978966,0.002847723169487802,0.011288680717599095,0.0034454238289661973,0.011267896599154061,,,,,,,,,0.1866666666666667,0.06617673555850687,0.19146666666666665,0.07634880951755564,0.1948444444444445,0.08360378621989746,0.2105000000000004,0.09906277963283264,0.24821666666666709,0.1344058690273074,0.22448518518518445,0.12317661639838531,0.1964722222222229,0.12072605960236642,0.5119333333333328,0.105344892908691,0.5276333333333333,0.11743268095039647,0.5601111111111109,0.14327139644781967,,,,,,,,,-0.052223592340208715,0.33404108058476906,-0.043567638772143404,0.33394273973029437,-0.03190958806940944,0.32236825076442127,,,,,,,,,600000,0
2014-02-11,9.54,2123924.0,1.42,-0.02470461868958095,9.2,9.84,53.124999999999936,65.93045550963099,67.71530769630918,62.360751136274615,0.4599999999999991,0.27800000000000014,0.15562776101968082,0.28600000000000014,0.11510381787277645,0.2526666666666666,0.11067756687569077,0.28066666666666695,0.1527886377192073,0.26150000000000034,0.131919659680313,0.22077777777777705,0.1253689187668115,0.19450000000000067,0.12461604898192433,0.4988081588606749,1.0095238095238095,0.9999197477141506,0.006055205013290476,0.9970254110371274,0.008669533657822387,0.9973849572739775,0.007750455134943972,0.999326381505762,0.012775009709972165,0.9987620186613032,0.010389921148337039,0.9991069780237621,0.008875822770390687,0.9994486130173873,0.008050316065114225,9.293999999999995,0.14909728367749017,9.257000000000001,0.11926161718396411,9.222,0.11321282108113624,9.246333333333341,0.11232598291037234,,,,,,,-0.2648596151947379,0.7636795001757142,-0.1183544270380746,0.5521688261647382,-0.11469199291308199,0.5140977919406138,-0.0787378624755531,0.4093948951374714,,,,,,,9.114,0.06188699378704404,9.092000000000008,0.047328638264813816,9.076666666666657,0.04466808810818644,9.049999999999999,0.04299157896693525,,,,,,,9.839999999999995,6.224552099223043e-08,9.762,0.1497998664885981,9.636,0.2201557889962821,9.563666666666666,0.17139354458799197,,,,,,,25.61736058059579,16.54973495312356,28.808117130559662,24.132264181543242,29.561374594173117,21.360183475064012,41.674464840241306,25.445211988232057,,,,,,,47.05834108259255,13.106310399099208,37.81696436525166,13.870175649104471,36.20449101857346,11.567896877431208,43.94083604773038,12.332059490203873,,,,,,,58.756928767053935,7.702347400736476,47.94575861509527,12.854143404295995,43.15543086932382,12.480579187763466,46.03545039736379,9.572510548216744,,,,,,,23.661165713669796,24.907022679887408,17.55937586556443,23.466807587261197,22.302611317072834,20.851872641170047,39.75160734846352,27.718728933972688,,,,,,,957308.3680000004,672559.5852274678,831046.3400000001,475548.7448176982,754397.3626666667,405221.13411588623,805272.1706666667,306519.9638680421,,,,,,,-0.007357481930175649,0.012834334369242523,-0.005115111771510182,0.01166604873557408,-0.0018411639928356289,0.011429599098866903,-0.000380730385276763,0.011927745534098956,,,,,,,0.6399999999999995,0.4497221364353777,0.5550000000000003,0.3182329684715629,0.5040000000000001,0.2710772162002139,0.5389999999999997,0.20570065294181686,,,,,,,-0.06893061641173048,-0.08245733192700548,0.007919552595210808,-0.08773867925305492,0.00771636222152748,-0.09043493013409479,0.007698721547666222,-0.09236212876479713,0.00939964119026132,,,,,,,0.07199999999999562,0.0028943366770232126,10.853850064019092,0.006976751544898886,0.09149999999999947,0.13599999999999934,0.1861217527191848,9.251733333333334,0.10164073364524737,9.29083333333333,0.12859631171514735,9.35206666666667,0.17007974217085023,,,,,,,,,0.9999677296205703,0.005085133093018533,0.9997104826698696,0.0053915463016768975,0.9994011814152535,0.005719747744313375,0.9990598544949131,0.00719353104385903,0.9992475851943667,0.010059295023773807,0.9991776487266681,0.008898970295868799,0.9993307578007465,0.007939728216005101,43.82562308318779,7.0660697621858395,46.433508061242534,9.107464868394407,49.95616702401984,11.082007084154162,,,,,,,,,0.0014693848187359337,0.011250370063419073,0.0023837318729229024,0.011367303987737271,0.003162713010200401,0.011316468239711617,,,,,,,,,0.18940000000000007,0.07029454049010472,0.19413333333333335,0.07806457411349425,0.1963777777777778,0.08537542308691261,0.21400000000000038,0.10215060032738249,0.2493277777777782,0.13457946123325903,0.22408148148148077,0.1233595634751252,0.1959722222222229,0.12107618754395594,0.5165333333333327,0.1158486124777465,0.5260666666666667,0.12275174442188638,0.5503777777777776,0.1393894926452767,,,,,,,,,-0.05949627207673392,0.34643697136291424,-0.046424716609750116,0.3409286174538895,-0.03573684649422133,0.32770672156354114,,,,,,,,,600000,0
2014-02-12,9.5,1064493.38,0.71,0.0,8.97,9.84,60.91954022988504,70.19894067950801,68.31025842520191,73.97630518812022,0.20000000000000107,0.24200000000000016,0.11966620241320809,0.2670000000000002,0.09753062197188482,0.23733333333333337,0.09467739711150043,0.27600000000000036,0.14921865465333398,0.25666666666666704,0.12981951835002653,0.21655555555555478,0.12360830770152263,0.19191666666666732,0.12225676131107976,-0.8578334230692916,0.9958071278825996,0.995667066919314,0.0049984452023584345,0.9947873956521025,0.007942846678995993,0.9973185414713479,0.007642520812083739,0.9986986833392841,0.012719188934179577,0.9986961155067925,0.010332886391803976,0.9989888804471011,0.008806100903465609,0.9993650285287395,0.00799672051615168,9.335999999999995,0.17501428513125772,9.273000000000001,0.14047933814068697,9.24,0.1341108283686312,9.251666666666674,0.12043264917996876,,,,,,,-0.4886029974554028,0.7344610500989207,-0.23513975403050838,0.5745481562182277,-0.18081646293950557,0.5428074917567557,-0.09934734231372357,0.4326704713513245,,,,,,,9.094,0.08961026726886624,9.082000000000008,0.06106462878697001,9.071999999999992,0.05185143612836669,9.046999999999999,0.045345417591560445,,,,,,,9.839999999999995,6.224552099223043e-08,9.808000000000002,0.06746192341694472,9.665333333333333,0.21573352169043242,9.574,0.17849176548184745,,,,,,,32.086982912287105,23.042418562279842,26.190393734193357,17.658321186745965,30.104158757646925,22.083474896027774,41.7193005784006,25.479002906342163,,,,,,,54.20533458325815,14.21771039373126,40.81991344348233,17.27013196567884,38.41886316004025,14.528031150969108,44.69629311689341,13.2219227386888,,,,,,,62.65645799520773,6.197774967097493,51.32202336504314,13.36775506090872,45.47241081957393,13.734185366321983,46.733655180574935,10.40081696614908,,,,,,,37.30308775935898,30.668917923404937,19.8156936003607,27.773094932692768,24.311767840972994,24.250204839567502,40.6215689895303,28.384129615375137,,,,,,,1028121.3940000003,658561.3095230272,846108.4030000002,480819.6852080723,773625.8253333333,413089.60718364874,816820.9706666667,309630.6613304508,,,,,,,-0.00627523084792459,0.013260552029146675,-0.003372192381531966,0.010898625334726603,-0.0029771242342271813,0.010199643776110911,-0.0004874539711892474,0.01190889509397049,,,,,,,0.6859999999999995,0.4409421730794191,0.5650000000000002,0.32170552442326034,0.5166666666666668,0.2762676411087804,0.5466666666666664,0.2077022625901259,,,,,,,-0.058685384824233466,-0.07666715086014086,0.012465253005762619,-0.08413165016105069,0.011550032718129133,-0.08830804570226741,0.011243854908823188,-0.09202790015705838,0.010395123369613382,,,,,,,0.09599999999999476,0.004577632876637039,15.786471423217897,0.005787776876735342,0.08408333333333304,0.16933333333333267,0.38925565514167926,9.247200000000001,0.10162741659986371,9.2785,0.12578896299540718,9.331955555555558,0.16285512612750339,,,,,,,,,0.9998669267852329,0.005070360929618476,0.9995676538994129,0.005472378230047476,0.9993110543923962,0.005801474715000448,0.9990121388245928,0.0074488511946923484,0.9992236417647902,0.010082924185632943,0.9991714738030996,0.008895143302295686,0.9993337854617862,0.00793861573517486,43.82562134413833,7.308879371420153,45.658781552079795,9.296779717938106,48.910485631579604,11.148656346232865,,,,,,,,,0.0009066307244271614,0.01132147395492048,0.00196057791548276,0.011438277514177194,0.0028371857439595414,0.01132651169049708,,,,,,,,,0.1912000000000001,0.07284196401651613,0.19606666666666672,0.07923422540116594,0.19737777777777776,0.08662701097716546,0.21702222222222262,0.10447701873484697,0.2501944444444449,0.13467263931756862,0.22353703703703634,0.12348382351635544,0.19541111111111178,0.1213291325461059,0.5229333333333327,0.12606462189666798,0.5252333333333333,0.1280319513631435,0.5426666666666665,0.1359849920889702,,,,,,,,,-0.07067302814355265,0.35938842099483875,-0.053780613895232234,0.34928044625633414,-0.042531721678759515,0.3350237966124944,,,,,,,,,600000,0
2014-02-13,9.6,1977651.38,1.33,-0.012658227848101182,8.81,9.84,76.69902912621356,73.29207416271566,67.68069767376655,84.5148271406139,0.4299999999999997,0.27600000000000013,0.12856904759699764,0.2590000000000002,0.10650508595054893,0.23733333333333337,0.09467739711150043,0.28466666666666696,0.15217352466574016,0.255166666666667,0.13099995687237873,0.21522222222222145,0.12443334732936687,0.19166666666666732,0.12227076533669946,0.5929351764718006,0.9974025974025974,0.9987432545553672,0.008565993276373135,0.9954331834300939,0.008289911535503267,0.9969906251250364,0.007815567683773216,0.9987697880020371,0.0127084246727004,0.9987912875534634,0.010332123798893984,0.9989984719846245,0.008803066017677724,0.9993956934327793,0.007990015040780604,9.421999999999995,0.17866169147302816,9.311000000000002,0.17233365570569714,9.267999999999999,0.16169636447898228,9.262666666666677,0.1362030262799467,,,,,,,-0.37524175187202996,0.865773371308388,-0.16363189904324366,0.6318189288401199,-0.1424354356086749,0.5770823366565928,-0.08201144105183651,0.44988476381138554,,,,,,,9.042,0.1570668647423694,9.056000000000008,0.10574602698079819,9.05666666666666,0.08524474568364626,9.040333333333333,0.06244905970046762,,,,,,,9.839999999999995,6.224552099223043e-08,9.824000000000002,0.05059644256272225,9.696,0.20468791575749304,9.584333333333332,0.18472128741156982,,,,,,,44.82938614012723,27.098864500841984,31.40128025337208,23.765930083964314,32.47232932684548,25.059757817901588,42.60926821594105,26.23334166892103,,,,,,,61.57811847358183,12.093995901477758,45.69642001324532,18.96047476227821,41.190431294171375,16.92613042629929,45.68862396305767,14.210919126007571,,,,,,,65.47349913252427,3.7786549747726026,54.822726672230075,12.496966665050468,47.82359337275181,14.344057279905625,47.412775868468785,11.082366301940409,,,,,,,53.78735715569697,29.124329549115334,27.443806695275818,34.01316304389444,27.924107137010587,28.816502646201616,42.240320152235405,29.472553516545187,,,,,,,1318633.8200000003,700248.2598544308,980818.135,590023.242688046,860666.0880000001,515108.97515069484,853074.9293333333,375224.0735010442,,,,,,,-0.01096437372067319,0.009260601802000931,-0.005604717636803951,0.010194703908255758,-0.004110232410362349,0.01027273159069588,-0.0011237571716993743,0.012035794017157113,,,,,,,0.8819999999999997,0.4710307845565937,0.6560000000000002,0.39620982095629925,0.5753333333333335,0.3457882644184503,0.5709999999999996,0.25216784229884526,,,,,,,-0.04601070698536169,-0.06839619937792847,0.01661964632905899,-0.07939547423772098,0.016138736373276154,-0.08520848102838284,0.015577657194370483,-0.09102062470079376,0.013092820993463768,,,,,,,0.15933333333331845,0.003962510002685438,20.387687179410456,0.009840616548973816,0.09299999999999964,0.31100000000000005,0.29323031082019346,9.248466666666667,0.10322008545207147,9.269633333333331,0.12393541649899346,9.315288888888889,0.1567771755450561,,,,,,,,,0.9998187679486212,0.005120845545301154,0.9994553500287338,0.00556620647891871,0.9992243518077633,0.005883242071055501,0.9989726429580071,0.007701906165158079,0.9992046104832115,0.010106549569073236,0.9991654535458477,0.008891175521195815,0.9993390579099332,0.007937220669408905,44.21376321710912,7.544308418589351,45.15813827176537,9.520233193983627,48.04266189038342,11.255112563800525,,,,,,,,,0.00014469941324541855,0.011300205029139072,0.0015009174033184449,0.011502417605194569,0.002424875164809282,0.011411198118786242,,,,,,,,,0.19280000000000008,0.07432482253513921,0.19756666666666672,0.08078316074575395,0.1982,0.08791223693423787,0.22028888888888928,0.10690540828211638,0.25084444444444487,0.13470385670676108,0.22296666666666598,0.12362036598046292,0.19486388888888953,0.12156530448636844,0.5343333333333327,0.13776564804855435,0.5282666666666667,0.13670852694215893,0.5397999999999998,0.14068709639871674,,,,,,,,,-0.08046671253740395,0.3766259673875361,-0.058017146149314754,0.3600814739280704,-0.04716794461331002,0.344272394913898,,,,,,,,,600000,0
2014-02-14,9.59,805032.31,0.54,0.0010416666666666445,8.77,9.73,85.41666666666661,72.15642250821637,65.81023884411685,84.84878983641539,0.120000000000001,0.2640000000000004,0.11238327277668639,0.23800000000000007,0.08816650913659832,0.22466666666666674,0.07836422896291152,0.2810000000000003,0.14985855399974932,0.2503333333333337,0.12978426253695013,0.21111111111111033,0.123365215031024,0.19000000000000064,0.12034264805619116,-0.3405212021862822,1.0020898641588296,0.996014961371338,0.010942505368107038,0.9959171389364709,0.00855469356564355,0.9976214512020868,0.008222476095775344,0.9985489910394368,0.01279027593182144,0.9987668957016603,0.010337184027499908,0.9990026680598528,0.008802386758438304,0.9993268056039329,0.00804280498258463,9.503999999999994,0.1262141038077829,9.347000000000001,0.19020748904522566,9.299333333333331,0.175884161012989,9.279333333333343,0.14467402915742533,,,,,,,-0.28519728715257003,0.8346073756834005,-0.19895393373531786,0.6307382937465605,-0.18931410048607486,0.5614706455258295,-0.09112683007835318,0.45233508132285616,,,,,,,8.982000000000001,0.19613770672667202,9.026000000000007,0.13874036503083864,9.03866666666666,0.11300231771750059,9.032333333333332,0.07951071640345014,,,,,,,9.817999999999994,0.049193495505032415,9.829000000000002,0.034785054261893995,9.719333333333333,0.185104860886507,9.591000000000001,0.18629509405500946,,,,,,,59.05557661631771,25.68989490931043,37.3199961003666,29.10513063819934,36.59814632030954,28.359518508357898,44.94366992534275,26.83619977884951,,,,,,,67.16102925140004,7.755150561521596,50.461466599869745,19.030781303855235,44.09646528328002,18.29081173536872,46.7150758787632,14.979043421940986,,,,,,,66.77195935217173,1.6511659980201168,57.86482889189166,10.832501686764786,50.034647398945275,14.393224294996672,47.987493170272494,11.580256505023412,,,,,,,67.9391690498566,21.09768005443866,35.6547420158259,37.15267142037022,32.22010105194957,32.21864917923826,44.17024129574459,30.320299435671572,,,,,,,1377366.4380000005,623749.4040662652,990564.1599999999,585798.0530812521,870303.2460000002,512441.43130378664,852403.1229999999,375293.7628126401,,,,,,,-0.009660750135423127,0.01058968275639425,-0.004846243445600749,0.010397269771508441,-0.004404292146215985,0.010039935071825446,-0.0017009859933936394,0.011471228616706085,,,,,,,0.9219999999999997,0.4191300514160255,0.6630000000000003,0.3931652183101773,0.5820000000000002,0.34395182386906664,0.5706666666666662,0.2522031656851463,,,,,,,-0.03499893970925427,-0.05808984965827833,0.01844087591692214,-0.07374069085616952,0.020676776447626725,-0.08115749970025768,0.01992972860119773,-0.08928769134918829,0.01661252510909499,,,,,,,0.2246666666666517,0.003409666667462008,23.06456396812002,0.007959764142029487,0.09099999999999966,0.3513333333333335,0.19407045707421686,9.255933333333335,0.10370790331159292,9.264599999999998,0.12203125163853072,9.302466666666666,0.1511199500479994,,,,,,,,,0.9997225400431995,0.005246043180119068,0.999369969444865,0.005673077144481039,0.9991719219086852,0.00597801547037788,0.9989310755979567,0.007957590150705728,0.999191090291927,0.010128479833447297,0.9991618780006842,0.008887160573910416,0.9993432512965599,0.007937700204511847,44.893763563935735,7.662194652328552,44.93658527292719,9.751399415296925,47.36344645563266,11.380320662575649,,,,,,,,,-0.0006004414914847901,0.011309823547207712,0.0010154350771587933,0.011561603740100148,0.001972649618886562,0.011476405701719363,,,,,,,,,0.19426666666666675,0.07509883921100781,0.19810000000000005,0.08161503081632779,0.19884444444444446,0.088375673355779,0.2231777777777782,0.10886996530175234,0.2512666666666671,0.13468240527698092,0.2222814814814808,0.12370974273076984,0.19430000000000064,0.1217109105165625,0.5465999999999994,0.14789535368485168,0.5317000000000001,0.1453006795499226,0.5381777777777776,0.1460870780369805,,,,,,,,,-0.09024739265450636,0.395981142752893,-0.06351497172443886,0.3708599254086103,-0.053323571170365354,0.35299236371432474,,,,,,,,,600000,0
2014-02-17,9.52,1079162.88,0.72,0.01039501039501036,8.77,9.73,78.12499999999993,67.73634112206629,63.69484428941702,75.81933478736485,0.17999999999999972,0.28200000000000003,0.08814760348415172,0.2469999999999999,0.0788881064123984,0.22999999999999995,0.07329003050502728,0.2836666666666669,0.14758944297665796,0.25033333333333363,0.12978426253695016,0.21044444444444363,0.12402347649376048,0.18983333333333396,0.1204542057641589,-0.2229131713648269,0.9947753396029257,0.9948463182982852,0.010431614172162266,0.9957643007519186,0.008445109246337712,0.9968767542422738,0.008294402698406382,0.9986516832613745,0.01283198529816051,0.9986638285354512,0.010334319347891408,0.9989547285235929,0.008797131762921078,0.9993006640657855,0.008038845839359442,9.549999999999995,0.043588989435415476,9.387,0.17888854382299535,9.329333333333333,0.1723147728791277,9.288666666666675,0.150944916496356,,,,,,,-0.06590489225758493,0.6083147995830974,-0.23917435628680642,0.6166040605238123,-0.1954625150009089,0.5612877229589286,-0.10523646606910572,0.449521779859191,,,,,,,8.904000000000002,0.18487833837418136,8.996000000000006,0.1591086281618852,9.020666666666662,0.1325824092332713,9.024333333333333,0.09279875643242073,,,,,,,9.795999999999996,0.06024948132559655,9.818000000000001,0.046380072349165906,9.742666666666667,0.1595738372159201,9.597666666666669,0.18761081016816,,,,,,,70.85704720455303,13.342731658355145,44.483145451015965,29.48756133387243,41.2182443595252,29.145622930505684,46.07347761765045,27.510164525269474,,,,,,,69.86284679642748,3.0462590413989283,54.8419567663708,17.198926781399788,46.59590493760352,18.816821401985496,47.30554452990335,15.455472079987636,,,,,,,66.6422693857623,1.8968079424205502,60.33261632256563,8.65342180994613,52.01404143750035,14.069104613685662,48.411632267442265,11.921282893114833,,,,,,,76.30400161775779,9.226298933793887,43.860637653981115,35.91282426624313,35.75963193780993,33.969962642655545,45.09336905482549,30.861622336449624,,,,,,,1410052.7900000005,597228.9099322895,1028621.7980000001,577018.1175751033,914184.2440000003,499225.5492384629,859024.4483333331,377552.50096050167,,,,,,,-0.005185233895201024,0.013649697566879886,-0.004568439903379368,0.010796713623044265,-0.0039310716729955095,0.01058151726934871,-0.0008044306413927426,0.01132470996363999,,,,,,,0.9439999999999996,0.4011608156338305,0.6880000000000003,0.3874360162228947,0.6113333333333336,0.33500248755295375,0.5749999999999995,0.25365942412667425,,,,,,,-0.027573253404089115,-0.047239780266933803,0.016879094420906557,-0.06717288109295687,0.023961002872165207,-0.07633574415738711,0.02350073385429794,-0.08714572475913566,0.020058414834786563,,,,,,,0.26133333333332054,0.004454345767500367,23.266941858823955,0.004380803253808281,0.09383333333333294,0.3690000000000001,0.1732694640292215,9.265733333333337,0.10174034335080817,9.262866666666664,0.12035989133926382,9.29282222222222,0.14588770756767874,,,,,,,,,0.9995690733043661,0.005374078466931572,0.9992290312639083,0.005774722734573153,0.9990764836530452,0.0060885764941987375,0.9988815166783991,0.008221763502165995,0.9991667156746175,0.010150931064872915,0.9991551899745927,0.008883876620169807,0.9993449181285954,0.007938970304106726,45.6692747072696,7.62931325083313,44.94126093485143,9.96969280612573,46.8357352976396,11.532785338322077,,,,,,,,,-0.0008994716325903501,0.011341654780575005,0.0005976059034985816,0.01152864590995991,0.001598658235461751,0.011482385225876277,,,,,,,,,0.19626666666666676,0.07507061326564148,0.19893333333333335,0.08213762079609496,0.1999111111111111,0.08848806371620897,0.22625555555555596,0.11072738105804314,0.25169444444444483,0.13465954266990557,0.22160740740740673,0.12380262297140877,0.19377222222222285,0.12183449233453784,0.5604666666666661,0.1587135166980622,0.5362000000000001,0.15383498286466638,0.5385777777777777,0.15265833869068995,,,,,,,,,-0.09129198839771437,0.41046524195586487,-0.0717577903689616,0.38115362262213526,-0.05947575531400041,0.36189796435710725,,,,,,,,,600000,0
2014-02-21,9.29,823125.5,0.55,0.010649627263045944,8.68,9.43,81.33333333333326,66.23196347573692,56.97996062767632,84.73596917185813,0.20999999999999908,0.21199999999999974,0.05630275304102707,0.2049999999999999,0.051478150704940565,0.22733333333333322,0.08171961354592,0.27966666666666673,0.1473556180161407,0.2415000000000003,0.1299781598342522,0.20066666666666583,0.12419448322257196,0.18408333333333396,0.11839611503770815,-0.6433605811021527,0.9962466487935656,0.9958193165015979,0.006700665093987574,0.9984246961174638,0.007057051771037119,0.9971193213765531,0.007119679591230194,0.9993201883556453,0.012582480134891156,0.9990756689787541,0.010046265827248912,0.9992484842093314,0.008471973738406397,0.9994970426693857,0.007779731182334549,9.389999999999995,0.11597413504744969,9.447,0.1291037481166925,9.361333333333333,0.16595466965697692,9.299666666666676,0.15052742523250173,,,,,,,-0.1074003413833641,0.3915854879573518,-0.19629881426796714,0.6217059012201711,-0.16843606961799998,0.5491405060383378,-0.09014475555910853,0.454742785794366,,,,,,,8.734,0.04929503017545358,8.858000000000008,0.187782379956758,8.928666666666665,0.18267327064879668,8.986333333333333,0.14045451671046333,,,,,,,9.669999999999996,0.13416407864999452,9.744000000000003,0.1231259517729796,9.775999999999998,0.1092703070371969,9.618333333333338,0.18999243784103925,,,,,,,70.6238095238095,12.068571941748251,64.83969307006362,19.880321225225057,48.42126724151426,29.159323439793372,48.068819896144895,27.68857391596433,,,,,,,66.7009089644926,1.668258198750905,66.93096910794631,5.293927960874231,55.87461405474402,17.21654734764875,49.47612216052451,16.72871090733089,,,,,,,60.82157819783606,2.65535200000265,63.79676877500388,3.765730905775493,58.85041199387315,8.918010002424738,49.74485066975195,12.617245153940415,,,,,,,78.45957049780569,6.651795661994272,73.19936977383114,15.755531915272577,49.92301817648584,36.55464170550643,48.93866514206964,32.72642162825396,,,,,,,1235076.3520000004,282754.98386655946,1306221.395,462681.912732989,1072068.2240000002,507622.12661480054,916958.8086666665,411706.78065383586,,,,,,,0.0072154521379186945,0.01962921074443516,-0.0012226489987522174,0.017326295652206277,-0.0008256782510942702,0.014636307498355417,-0.0004018342375667754,0.012286360081798597,,,,,,,0.8259999999999994,0.19034179782696242,0.8740000000000003,0.31102697274959634,0.7173333333333337,0.34066042301612315,0.6136666666666664,0.27647389766839503,,,,,,,-0.023897929833658793,-0.02550271653964913,0.003198801652657746,-0.04179628309896373,0.02122890078960377,-0.05766136608399606,0.028840734635369583,-0.07762631715018682,0.0288153664603831,,,,,,,0.14733333333332332,0.0036777261677877204,17.4548469474218,0.008438101136670912,0.09558333333333277,0.26033333333333397,0.1061540587088586,9.293266666666671,0.10376530300701993,9.274599999999996,0.11944177010700106,9.274155555555554,0.1325312900703214,,,,,,,,,0.9990173988465252,0.005902938792710102,0.9988966128414309,0.006183163220390279,0.9987106570831984,0.006554471071216067,0.9988018983928595,0.009192953446330006,0.9991003884245144,0.010214159666031132,0.999160660163451,0.008853806940893811,0.9993696979691346,0.00793502032767123,48.256519665090615,7.296480100804848,46.575141614513164,10.501504620289786,46.043230070314976,12.419364085389121,,,,,,,,,-0.0004204015988844821,0.011528778526160197,-0.0005104215451846382,0.011750158927454955,0.0005368228518110342,0.011713953263388728,,,,,,,,,0.20193333333333338,0.07757184058017268,0.2011333333333334,0.08471002448531806,0.20579999999999993,0.08979482205501228,0.23814444444444482,0.11786911475063803,0.2525277777777782,0.13470823238584445,0.2184814814814808,0.12420728714354813,0.19166944444444503,0.12214546473006953,0.5981333333333327,0.17959675569292433,0.5723666666666668,0.18620145486228062,0.5538444444444444,0.18069962269723658,,,,,,,,,-0.09406874767974026,0.4185658504151533,-0.0921580701671234,0.4206474468586477,-0.07369956370953937,0.3905793186338074,,,,,,,,,600000,0
2014-02-24,9.01,1352692.0,0.91,0.020652173913043425,8.62,9.21,66.10169491525414,61.1981735232048,53.89595967832278,75.80260121296885,0.2400000000000002,0.21199999999999974,0.05630275304102707,0.2039999999999999,0.051467357508322355,0.23399999999999987,0.08424454200209124,0.29266666666666674,0.15782865727576378,0.24066666666666697,0.13034331026590337,0.19877777777777694,0.12533844319809154,0.18333333333333393,0.11851556174338436,0.16471617337871444,0.9911991199119912,0.9966822832055462,0.007038778602223307,0.9978919722142706,0.007430906202097815,0.9982333945555736,0.008199017760449671,0.9998782004954269,0.012810609164260302,0.999051869046357,0.010054769348247304,0.9992901881116252,0.0084662671051268,0.9995628987427173,0.007785431650553162,9.287999999999993,0.1797776404339708,9.419,0.18513958697876368,9.353999999999997,0.17927632303236266,9.293666666666676,0.1584294324217291,,,,,,,-0.029874472434655817,0.4012510621325076,-0.047889682346120455,0.48619185958022554,-0.1694077283360896,0.5484937971916723,-0.09747864863596797,0.44855210357650194,,,,,,,8.703999999999999,0.06503845016602834,8.804000000000007,0.16787561532939954,8.898666666666665,0.19438057908087095,8.973333333333333,0.15543783175350886,,,,,,,9.565999999999997,0.23765521244020804,9.681000000000003,0.20349447166938328,9.733999999999998,0.1806654366501892,9.60966666666667,0.20250982663825703,,,,,,,68.21914850686034,11.378394040826425,69.5380978557067,11.77276343500334,52.395146469630774,27.020508967555,48.96786190056641,27.82587371788096,,,,,,,65.3932754447203,2.819166195194295,67.62806112057389,3.6339791307376097,58.359062992487296,14.796523771784257,49.945222915317714,16.857333456505476,,,,,,,58.861801275617225,3.4895731435291943,62.75203533068975,4.881247727674303,59.842344640249514,7.220283204567595,49.83442683949443,12.637518841763502,,,,,,,78.45622378292649,6.653460139038187,77.38011270034214,7.667772717104757,55.392499696962915,33.56674365418475,50.16681506696429,33.028906037940914,,,,,,,1289782.1760000004,271275.8363784377,1349917.4830000002,441871.5691398185,1115675.2573333334,501302.63408426574,922959.3086666665,416842.1169938394,,,,,,,0.009266884841525307,0.020558560737941583,0.002040825473162141,0.018129270356963167,4.333501158885483e-05,0.015532898128936124,-0.00014307398289282875,0.012652233304080133,,,,,,,0.8639999999999995,0.18270194306574902,0.9040000000000005,0.2968800730560711,0.7466666666666669,0.33676330531921667,0.6176666666666664,0.2799591513717345,,,,,,,-0.03537821881606895,-0.027063709622045094,0.005522324088196718,-0.03715174494448945,0.015913949624599508,-0.05380315726931961,0.027583168566963728,-0.07538140145856426,0.029409808888279574,,,,,,,0.13100000000000733,0.0031959172898806676,17.682838205256175,0.009409958824418136,0.10933333333333281,0.2863333333333341,0.13953325590143378,9.29426666666667,0.10578996405083047,9.279999999999996,0.12212041656599719,9.273333333333332,0.1313914943649097,,,,,,,,,0.9988889892234452,0.005983593656169362,0.9988301888273877,0.006284929068918746,0.9986592388064071,0.006683694822760558,0.9988188011709093,0.009416577882783697,0.9990812954319036,0.010217603635870471,0.9991650569310979,0.008839414263878548,0.9993781139148183,0.007930627165228724,48.78445534217349,7.2081561734690585,47.22686502472153,10.462947997221985,46.22232573729209,12.600300023968778,,,,,,,,,-0.00028813026718449935,0.011667524133403316,-0.0005938009498874267,0.011892896310347399,0.00030236051327088727,0.011799930505923262,,,,,,,,,0.20160000000000006,0.07835823719928771,0.20173333333333338,0.08442436888183184,0.20773333333333324,0.09073087252170232,0.24118888888888926,0.11986909285387895,0.252316666666667,0.13445001356357042,0.21752222222222156,0.1243398278384842,0.19113333333333393,0.12214027728948122,0.606666666666666,0.1808540618752654,0.5835666666666667,0.19219177925293618,0.5596888888888888,0.18747451484794342,,,,,,,,,-0.09251718419311272,0.4180794270764555,-0.09190458629541362,0.4268113522119133,-0.07867758831034535,0.3977064362864091,,,,,,,,,600000,0
2014-02-26,8.85,798110.62,0.53,-0.00454029511918265,8.42,9.03,70.49180327868855,64.20083055234772,48.76129573142001,95.07990019420315,0.120000000000001,0.17799999999999977,0.058051701094789854,0.1959999999999999,0.05680375574438098,0.24466666666666667,0.09179687721630811,0.2936666666666668,0.1602042518126464,0.23550000000000032,0.13274705142117868,0.19422222222222144,0.12692542070827617,0.18141666666666723,0.11825265526063372,-0.4102808455299093,1.0022650056625142,1.0023808331098436,0.003798468311054882,0.9985982667514538,0.007393739501338915,0.9995081068082287,0.009574725646338106,1.0005997531058328,0.012468011671387782,0.9995164235729095,0.009910405145699427,0.9995431353737623,0.00832364522366515,0.9997262640454181,0.007663265551984347,9.073999999999995,0.2551078203427129,9.282999999999998,0.293069957518679,9.300666666666666,0.2542346123076929,9.271666666666677,0.19412195479474573,,,,,,,-0.032901151494703865,0.4679100890182819,-0.02365189072948176,0.396462981076258,-0.17863559297145548,0.5537519192835723,-0.08508141114813564,0.45447633664826265,,,,,,,8.604,0.10714476188782772,8.691000000000008,0.11685223337381008,8.825333333333333,0.22302679745034876,8.939666666666666,0.19404022571468305,,,,,,,9.295999999999996,0.2877151368975862,9.524000000000003,0.30923561674986044,9.629333333333332,0.2919752109503959,9.581999999999999,0.24522192622897224,,,,,,,66.23961061187343,12.95826015609828,69.74804155189142,12.800687769591763,57.19435533868999,24.387323705673218,50.65698874393085,27.715136096374234,,,,,,,63.55467369107514,3.090775607542807,66.39157119614693,4.3570154253724835,62.32949232518399,10.262413906825762,50.51215587848178,17.097785427598893,,,,,,,54.0957517065526,4.232961697501872,59.17179713135018,6.271084033104247,60.33335075263606,6.256792407211088,49.6396564455484,12.612622088856869,,,,,,,82.47251766012027,7.996170386324284,80.83111932574037,7.369418368520111,66.32177547027992,27.473021602581056,52.25715474434853,34.21726362946133,,,,,,,1109976.7500000005,296568.8390026599,1223874.982,375757.12647375773,1158623.7859999998,473081.41203994985,936974.2439999998,416559.9828549561,,,,,,,0.012285951941070725,0.010255973862972705,0.006055038074375109,0.01647374174575694,0.0019449484336085403,0.01615242478497086,0.00048127672118002037,0.01313312091318465,,,,,,,0.7439999999999996,0.20144478151592887,0.8200000000000003,0.25372776311980166,0.7753333333333335,0.31813893341177385,0.6269999999999997,0.2798786682930969,,,,,,,-0.06564422946136617,-0.0397776829441618,0.01870724463980999,-0.03614232316807779,0.014236774053494364,-0.04965059906543215,0.023784609790808472,-0.07218268767813593,0.028439930866739144,,,,,,,0.2266666666666719,0.003782566358389805,15.87941531766515,0.011804675219890703,0.11566666666666703,0.19300000000000062,0.15498370224197372,9.288600000000006,0.11655041776435503,9.285699999999995,0.13354389389674354,9.272866666666664,0.13493734416602668,,,,,,,,,0.9987978553783685,0.006051603959524495,0.998696521204041,0.006535308543913049,0.9985830166601559,0.0070255115424471375,0.9989120111652802,0.009829081017664002,0.9990636227273417,0.010220557502669663,0.9991785330664348,0.008803650254140837,0.9994003188704872,0.007917353348240157,49.777307387517496,7.087576607828675,48.44146868813082,10.413416885841862,46.902852906799964,12.884343862387293,,,,,,,,,1.9244352402528603e-05,0.011821635953880855,-0.00041747469101527715,0.012047758897773297,2.3893780798868187e-05,0.012000852163013255,,,,,,,,,0.20000000000000007,0.07921970641168811,0.20373333333333335,0.08382898764639557,0.21277777777777768,0.09292060949733255,0.24707777777777812,0.1239591293464283,0.2516055555555559,0.13399379275354342,0.2154962962962956,0.12461917693409627,0.1901000000000006,0.12204229792636914,0.6200666666666661,0.18471509120024027,0.6004,0.20132301656653115,0.5745777777777776,0.2008446548472764,,,,,,,,,-0.08740466912107474,0.42587608640922253,-0.09107519016476032,0.4349963134342962,-0.08427446949102445,0.41369051509749905,,,,,,,,,600000,0
2014-02-28,8.91,754278.69,0.51,-0.0011235955056179536,8.39,9.01,83.87096774193552,54.15928619142327,37.45176561806965,87.57432733813052,0.20999999999999908,0.19800000000000004,0.05167204273104501,0.23499999999999996,0.09371943946340038,0.3,0.1912365774935011,0.2950000000000001,0.1586961964214012,0.23383333333333367,0.13357016396098748,0.19255555555555476,0.1276895912373535,0.1810833333333339,0.1184833841723378,-0.07904405996144476,1.000561482313307,1.0010300757333233,0.007084174917685638,0.997769323814033,0.0075820473552547715,1.0018352360409903,0.016242956685892596,1.0002856996458989,0.012535858821520803,0.9994413755652992,0.00990502067311778,0.9994125920771498,0.008338837759623578,0.9996279106392811,0.0076684315049128935,8.907999999999994,0.07224956747284249,9.148999999999997,0.2698744564093132,9.267333333333333,0.2852684616954713,9.243333333333343,0.21091481093385622,,,,,,,0.05977769382918481,0.30776353906492315,-0.023811323777089728,0.34352771197776055,-0.11093997823558324,0.5395845994230214,-0.09154790018987671,0.45339916521404944,,,,,,,8.488,0.12111977542911637,8.611000000000008,0.1562369994591656,8.734666666666666,0.24383444813078836,8.896333333333331,0.23632945054606683,,,,,,,9.071999999999994,0.08136338242719059,9.371000000000002,0.3320793077965942,9.519999999999998,0.34519145826214775,9.551999999999996,0.2830669471197991,,,,,,,70.41082796978435,16.23128955446391,70.51731874679695,13.484699807608669,66.69673803663721,18.350403013875024,51.51106945160779,28.34110377319001,,,,,,,60.24515926061298,3.79185139023435,63.473034112552796,4.382245113728069,64.70236582550186,5.72428276775148,50.09064181517384,16.84579073716182,,,,,,,47.0371387097904,6.580015967319313,53.92935845381322,8.669338995021178,58.21022541993275,9.400216576364512,48.97713831609455,12.833923215728698,,,,,,,86.6612003622582,10.753735140721211,82.56038543003191,9.473493143775874,77.68664663664016,15.354785109467004,52.3176488133324,34.28294909283792,,,,,,,1032104.6360000003,251500.99664957522,1133590.4940000002,274024.8007041196,1214849.1420000002,416631.78631428955,931849.9586666666,418280.0228752313,,,,,,,0.006094340741500481,0.013057527989260766,0.006654896439709586,0.015728113659117464,0.0012163475813320127,0.015951403806427972,0.0010870517830872753,0.012734566729550534,,,,,,,0.6919999999999996,0.16946976131452002,0.7590000000000002,0.18399577289830568,0.8133333333333336,0.2797873342039494,0.6233333333333332,0.2808402826658174,,,,,,,-0.08309023436186891,-0.06208388338695094,0.018866046753789795,-0.04379329996330004,0.02311828191495062,-0.048558816528292796,0.02212248805847328,-0.0706192679194285,0.02734629649373396,,,,,,,0.35933333333333906,0.004065912226957291,14.611724010328018,0.005567844656622311,0.11891666666666609,0.1900000000000004,0.17071767206476807,9.270400000000006,0.11955357373868233,9.281833333333328,0.14527279425215545,9.273199999999996,0.145555231990294,9.336633333333339,0.20693771617679152,,,,,,,0.9987758268363313,0.006131382735186298,0.9985572862015383,0.006719142738452761,0.9986184951518079,0.0076018291545526095,0.9990153874677802,0.010221859473769914,0.9990489939923265,0.01021788711812113,0.9991899098014952,0.008765895447871435,0.9994244437840193,0.007900367754989469,50.25658175717472,6.753176161407185,49.256550711132654,10.215844425235968,47.80228832873365,12.882501983686181,50.10624869205193,14.501507484770514,,,,,,,0.0004993213952138627,0.011938693276078327,3.9459898164688324e-05,0.012130011047852683,-0.00017384056505180545,0.01212264794636684,0.0017172296061176752,0.011956827649880675,,,,,,,0.20033333333333342,0.07879249848849496,0.20773333333333335,0.08480634713080278,0.22084444444444432,0.09858946289334208,0.25338888888888916,0.12789152892711378,0.25071666666666703,0.13356221459616122,0.21350740740740676,0.12487201469070343,0.18915277777777834,0.12190399244713922,0.6244666666666661,0.1867997471851782,0.6113000000000001,0.20559349304458555,0.5897333333333331,0.21229839120744726,0.5833555555555553,0.21561026581024928,,,,,,,-0.08758682775029876,0.42947162268934086,-0.09082778771501963,0.43642118968187255,-0.09063432269484857,0.4298744350885153,-0.05805356227634642,0.3786235599894845,,,,,,,600000,0
2014-03-05,8.7,667762.62,0.45,0.01805869074492101,8.39,9.23,36.904761904761756,29.427003801866462,24.248944103337436,39.783123198924514,0.20000000000000107,0.21400000000000005,0.05549774770203766,0.27800000000000014,0.0889194391945159,0.3146666666666667,0.184269471414115,0.2983333333333335,0.1562509770084373,0.22983333333333372,0.13577763060147832,0.18899999999999914,0.1291375888497728,0.17908333333333387,0.11882474796224535,-0.5757347274095695,0.9908883826879269,0.9948157003930577,0.008532510265542656,0.9980717436574235,0.011371736785980316,1.0000788252072175,0.016511246727186582,0.9994165025427694,0.012688002779051218,0.9991360733055372,0.009854911281020883,0.9993861688647404,0.00830439410853758,0.9995530163481197,0.00763171286373528,8.853999999999996,0.09289779330002276,8.963999999999999,0.2149521910668608,9.139999999999999,0.3185906464414915,9.19000000000001,0.24549738393156287,9.371666666666671,0.3714158283031633,,,,,-0.06151737650768898,0.43369180471847824,-0.0472092640011965,0.42559252191311064,-0.03627371932221756,0.3938618050703167,-0.10854509113086155,0.4717331894890637,-0.05298465283825613,0.3952967599775753,,,,,8.39,1.3177062568097395e-08,8.49700000000001,0.13350405736657284,8.590666666666666,0.17421114720227887,8.831333333333328,0.2754398780801107,8.989666666666665,0.2948482325298731,,,,,9.105999999999995,0.08876936408465351,9.201,0.22432367487875035,9.384666666666662,0.3245407010941356,9.524999999999997,0.30608484286955717,9.631999999999998,0.3409100482780599,,,,,66.74805133474479,19.853386997873947,66.49383097330914,15.807664126280219,68.74804481284254,14.835638008967793,49.42610178524474,26.97955083307812,57.41710877811577,25.788867291104445,,,,,45.64639820914514,12.86942937349946,54.60053595011016,12.920553186748736,59.47651353381299,12.72759031887713,48.94768834692665,17.168995930678744,54.66460117521179,16.618769895253255,,,,,32.99128225677536,7.710321200546517,43.543516981663956,12.574067881883403,50.44495883982526,14.333940400341177,47.95868482969958,14.0230137012294,51.849529045315464,13.475945457271497,,,,,70.95663011388476,23.332786099266517,76.7145738870025,17.527659908932716,77.53962292178852,14.617672840352006,50.92569538138078,33.463061101491235,60.29474543500454,30.15256963064983,,,,,899247.9980000003,217116.83554498162,1004612.3740000001,269028.6443808336,1115665.9873333338,359620.3593249134,944645.9063333332,418412.9956450421,966342.2084999998,419475.9157709979,,,,,0.003156210958493416,0.009415860553782098,0.007721081449782069,0.01045495175294344,0.0050887623690812085,0.014205386015737044,0.0010558190674270134,0.012824409780664783,0.002725637044925331,0.01231694713301389,,,,,0.6039999999999995,0.14240786495134483,0.6740000000000004,0.1802590728183572,0.7480000000000001,0.24143026203972762,0.6323333333333332,0.28075861927793183,0.6473333333333329,0.281634855957844,,,,,-0.11285139455871729,-0.0926654423145962,0.014909871512367017,-0.06622156262937899,0.032114117370157694,-0.05498336288358393,0.030894904827208552,-0.07164570429292567,0.02844345902757397,-0.0661687637249199,0.03458305415927611,,,,,0.5176666666666758,0.005263124814159803,13.830115324667851,0.0066652623823550555,0.13558333333333283,0.14400000000000057,0.07227137180864399,9.225266666666672,0.11593183880625595,9.256933333333329,0.15794159163604285,9.26555555555555,0.16574641229878423,9.298755555555562,0.18936740279064193,,,,,,,0.9985951870297077,0.006671151767707277,0.9984755973010526,0.007328968203278712,0.9987132232567855,0.00877186858038765,0.9991205579008001,0.010840728760355118,0.9990510780724158,0.010207190790762167,0.9992212381369149,0.0087120799643802,0.9994600661622773,0.007876977962125708,49.66378823878196,7.040123007999224,49.720547813149715,10.431099279897838,48.848908538347835,13.124768573259711,48.87969708496373,14.812675344420759,,,,,,,0.0009914459251993764,0.011809888911320706,0.0005053451388009507,0.012242052293912264,5.216551438960624e-05,0.01228672559136536,0.0014446756291745734,0.012044323734304113,,,,,,,0.20746666666666674,0.0770788645217788,0.2191666666666667,0.08862931758189792,0.23666666666666653,0.11104925234613132,0.26321111111111134,0.1336202533025251,0.2489833333333337,0.13312723007986954,0.2104740740740734,0.1252596402220753,0.187869444444445,0.12161337588480262,0.6289333333333328,0.1881003871265789,0.6245000000000002,0.2121736479369768,0.609911111111111,0.2264705018743379,0.5762888888888887,0.2080060700107391,,,,,,,-0.09236390247075581,0.44405932469067383,-0.08988428579591541,0.44548286874638443,-0.09150476093342554,0.44345747963748977,-0.0670182413060925,0.3934973261165698,,,,,,,600000,0
2014-03-07,8.73,859966.38,0.58,0.007954545454545487,8.39,9.23,40.47619047619047,19.642715753582756,21.05242634924767,16.823294562252926,0.1999999999999993,0.2719999999999999,0.11691877522450912,0.351,0.21686913616792652,0.33733333333333326,0.18324326792025536,0.29900000000000015,0.1563892138444842,0.2285000000000004,0.13606858938399136,0.18544444444444355,0.1304199018995415,0.17675000000000055,0.11935514760790172,-0.16674314640067672,0.9909194097616345,0.9945085718947366,0.007251203538499949,1.002237816194826,0.019686619048739345,0.9994765308767842,0.016413857615305016,0.9993237638405024,0.012728603478009299,0.999278172193566,0.0098399123642124,0.9993864674300557,0.008218004723200856,0.9995186592956582,0.007571701920037676,8.789999999999997,0.07382411530126663,8.848999999999998,0.09279008567729428,9.029333333333334,0.2811828755877904,9.164333333333344,0.26824696975289186,9.318000000000005,0.33673809165712454,,,,,-0.1084879635157022,0.40575738268395345,-0.024355134843258786,0.35090567376519727,-0.052036870356627275,0.35300326373153457,-0.12067548542135104,0.46606888806463675,-0.05973395857193709,0.39084998573910196,,,,,8.39,1.3177062568097395e-08,8.43900000000001,0.09585289655394795,8.537333333333331,0.16529050904683984,8.787999999999991,0.2904384319586961,8.946333333333332,0.2838295422248179,,,,,9.189999999999996,0.05477225575046851,9.131,0.09024041962074646,9.31066666666666,0.2820452513507911,9.514999999999997,0.3132669897971224,9.589499999999996,0.3064029970646002,,,,,50.64350064350055,12.554056841270112,60.52716430664249,17.195298094924656,63.892712712364805,15.998914441187821,50.24542951633717,26.54250716108432,56.097511708518695,25.385748153466974,,,,,31.709199746377152,9.673086601164112,45.97717950349508,16.55811123465286,52.88508932382758,16.712374186252397,48.49077730355382,17.785407397218425,52.697042351789136,16.737606569321738,,,,,25.49304241888769,4.360226647969024,36.265090564339026,12.51489316635078,44.45058644217139,15.693212405920066,47.242616920558326,15.065430310636764,49.965862677940954,13.59868004808991,,,,,44.14151440135613,20.52221620038525,65.40135738180716,27.217286060604287,69.75409508713999,23.0099376863274,50.9870980695448,33.482360530141975,58.15940169948563,30.265674055504846,,,,,905716.8620000001,187789.0158369277,968910.7490000001,219596.73562657033,1057632.6166666672,265915.28650438983,963967.9313333331,412289.3376369843,925900.4648333333,332601.6494180964,,,,,0.00357186498030779,0.01134219628911868,0.004833102860904133,0.011606918556138147,0.005627219286575651,0.014072839367384375,0.0006114635701798325,0.013049726671321987,0.0028469303828134937,0.012239355256032916,,,,,0.6099999999999997,0.12509996003196988,0.6510000000000005,0.1469277978388646,0.7093333333333336,0.17754141032714735,0.6456666666666665,0.2766260183406265,0.620333333333333,0.22337144459372388,,,,,-0.12866775845734857,-0.11090556337445143,0.01455735007342065,-0.08649472338070119,0.03024027435411622,-0.06616405443368384,0.03842551241424171,-0.07366077706697076,0.031027253157792874,-0.07035405940409989,0.03376012841449278,,,,,0.5280000000000076,0.007729244300089366,21.175889577450427,0.005015755716395819,0.17424999999999943,0.09933333333333394,0.09632035057809225,9.19293333333334,0.11327602453836612,9.23166666666666,0.15905581651629302,9.252199999999993,0.1779379575095197,9.277333333333338,0.18373948701906748,,,,,,,0.9983387455667396,0.006915468602962228,0.9985398293095492,0.008106307185162705,0.9986902292872241,0.009530755306185502,0.9991734265572105,0.011236668269686329,0.999052966230434,0.01018965204147587,0.9992424908848335,0.008669371913095645,0.9994789890466501,0.007857861525773694,49.008683125289004,6.833529737796253,49.63263244123185,10.67550219963299,49.173928182518075,13.497400465932136,48.26868731907538,15.011286731202587,,,,,,,0.0008704309229294859,0.011976639868315066,0.0006848761590716727,0.012344764373970933,0.0003164502397529529,0.012367979268839953,0.0011445499293197571,0.01217018422499136,,,,,,,0.21513333333333334,0.0795324774750481,0.23110000000000006,0.09588010960966598,0.24751111111111096,0.11650269689778639,0.2696666666666669,0.13748142572302618,0.24757777777777815,0.13295586901035503,0.20825185185185113,0.1256095951123733,0.18701666666666722,0.12137572465195587,0.6361333333333329,0.19265559256528422,0.6303000000000002,0.21391497866328799,0.6195777777777776,0.23089082278331785,0.5788777777777775,0.2157805771856807,,,,,,,-0.10297190119690368,0.45802464938569803,-0.09527936447360139,0.45357353905453934,-0.09487582554231437,0.4480010832596084,-0.07409969835633984,0.4055681786574798,,,,,,,600000,0
2014-03-11,8.46,711195.19,0.48,-0.0035587188612100995,8.39,10.01,4.320987654321008,15.819854461395826,24.463698448387916,-1.4678335125883564,0.1399999999999988,0.30799999999999983,0.11388590782006076,0.34699999999999986,0.21919296420176448,0.3319999999999998,0.18586477419272743,0.2970000000000001,0.1572862534274392,0.22666666666666704,0.1360043203035956,0.18155555555555464,0.13106230708932268,0.17433333333333387,0.11930283008422829,-0.5532812025908108,1.0,0.9982991834444975,0.011528819376370235,1.0036411011613522,0.018773480926462662,1.0013653235044402,0.01576502435164856,1.0003697911503122,0.012527730710300456,0.9995854930980705,0.009612683689936232,0.9996495009570395,0.008033354304623725,0.9997689724392248,0.007434635890242981,8.625999999999998,0.16486357996846132,8.754999999999997,0.17683953806267924,8.904,0.2986589072121479,9.12000000000001,0.3237495839432813,9.26083333333334,0.33345287404525437,,,,,-0.16437257647743236,0.40263957144501433,-0.09639958830459472,0.37987915784059045,-0.04517353158779704,0.3850402509221953,-0.09438705460869642,0.4547190985659015,-0.0722770693540912,0.394443273199152,,,,,8.39,1.3177062568097395e-08,8.39300000000001,0.009486832980734551,8.486666666666666,0.14120232022919077,8.743666666666657,0.29717617360906623,8.904999999999998,0.27099627866605375,,,,,9.517999999999995,0.3966358531449203,9.292000000000002,0.35807510075091153,9.339999999999995,0.3352823969645476,9.552999999999997,0.329672251036461,9.577999999999996,0.2851927685868581,,,,,26.768959435626073,21.386614740962486,50.117209522578136,29.354842053089815,55.79188966709732,25.977579821353945,49.238713966716276,27.881682465967597,53.544842397679446,26.650957564226136,,,,,20.904443192758645,7.13760572429879,36.75280337600004,18.907171231345462,45.98564150311344,20.414934705466756,47.18704998337156,19.488770525394177,50.491230673461374,17.299866149484924,,,,,22.762064597187365,1.551077179100276,30.327908589789594,9.842838903160393,39.113486799609596,15.248279996022955,46.46678686853776,16.00160079198817,48.219441749028945,13.588025135843468,,,,,17.189200383901266,20.576843755589472,49.60259294842087,38.55181176975939,59.72995091012118,34.35005845557629,48.627576213039156,35.88219856293992,55.03480852232636,31.596107548345095,,,,,858900.1639999999,170727.39151696683,892108.881,173020.10403193306,1012010.5960000005,268932.0657930638,991222.8263333332,391268.1047142597,909631.3096666666,321635.33710878325,,,,,0.007497704565372296,0.015466448015346124,0.0030670591755224868,0.011751091826465884,0.004712980042254343,0.01422201549151284,0.001487004996768558,0.013828404604588654,0.0028730937885703984,0.012565170109549573,,,,,0.5779999999999996,0.11388590782006569,0.5990000000000004,0.11445037740824354,0.6793333333333336,0.17982001583594145,0.6639999999999998,0.2624368561164303,0.609333333333333,0.2158378759638007,,,,,-0.16140599877583384,-0.13392038773535261,0.019878829451028264,-0.10857219851523929,0.03121994638683574,-0.08286234999875812,0.045697271636333095,-0.07725243882421957,0.03674305199185772,-0.07539228819379665,0.03462014835296554,,,,,0.6348333333333418,0.0053419177168546605,29.58678748070273,0.006010699568603738,0.172666666666666,0.10133333333333394,0.11919904488963531,9.159000000000004,0.11796988478741573,9.200299999999993,0.16154820051140908,9.231133333333327,0.189456962496596,9.258277777777783,0.1847884606715165,,,,,,,0.9982862142045542,0.007330424223095385,0.9987353663095463,0.009065715866463082,0.9987221017992935,0.010261257403945106,0.9992863752017148,0.011602534344777269,0.9990627917740493,0.010153015012668123,0.9992707262488614,0.00861550142230904,0.9995055033113037,0.007832731706997862,48.26392521345975,6.961443132029727,49.12030347927635,10.968031861378554,49.17867252821406,14.018134725452448,47.80456465083028,15.310971480129085,,,,,,,0.0010136401037162902,0.012510470145709128,0.0009450887798331322,0.012553599325109752,0.0005807080641057462,0.01257669732172853,0.0009381576308346092,0.012350304516560712,,,,,,,0.22473333333333334,0.0840020848183,0.24496666666666667,0.1077528723925571,0.25731111111111094,0.12145566218535842,0.2755555555555558,0.1415764658860502,0.24574444444444482,0.13297705015374756,0.20565925925925857,0.12609577197716834,0.18604166666666722,0.12112351351811503,0.6483333333333329,0.19388320877094337,0.6381000000000001,0.21300108749304333,0.6301777777777775,0.23345796335955418,0.585511111111111,0.22419062759554623,,,,,,,-0.10664988566831171,0.46241289069771485,-0.09716052607126134,0.4579426413480811,-0.09509081980938378,0.4512552406388117,-0.07869567532077681,0.41584688754990823,,,,,,,600000,0
